item_no;target_affix;baseline_word;root;root_dk;sentence_1_dk;sentence_2_dk;sentence_3_dk;sentence_1_kal;sentence_2_kal;sentence_3_kal;target_word;fill_affix;fill_affix_category;fill_affix_frequency_absolute;fill_affix_frequency_log;practice_condition;affix_type;baseline_type;affix_frequency_absolute;affix_frequency_log;baseline_word_frequency_absolute;baseline_word_frequency_log;root_frequency_absolute;root_frequency_log;root_freq_for_predictability;root_plus_affix_frequency;predictability;affix_length;root_length;rest_of_word_length;baseline_word_length;question_dk;question_kal;correct_response;correct_response_key;affix_verbalising;crit_affix_start_within_sentence;crit_affix_end_within_sentence;crit_word_start_within_sentence;crit_word_end_within_sentence;crit_root_start_within_sentence;crit_root_end_within_sentence;rest_word_start_within_sentence;rest_word_end_within_sentence;syl_affix;syl_root;syl_rest;syl_baseline;baseline_subject_or_object;crit_affix_start;crit_affix_end;crit_word_start;crit_word_end;crit_root_start;crit_root_end;rest_word_start;rest_word_end
na;na;na;na;na;Anguteeraq fik en hund som gave til jul, som han ønskede sig.;I dag går han en tur med hunden ned mod stranden.;Hunden er meget glad og leger på stranden.;Anguteeraq juullimi kissaatiminik qimmimik tunisippoq.;Ullumikkut sissap tungaanut pisulluni aneeruppaa.;Sissami qimmeq assut nuannisarluni pinnguarpoq.;na;na;na;na;na;practice;na;na;na;na;na;na;na;na;na;na;na;na;na;na;na;Er Anguteeraq og sin hund nede på stranden?;Anguteeraq qimminilu sissami aneerpat?;1;z;na;na;na;na;na;na;na;na;na;na;na;na;na;na;na;na;na;na;na;na;na;na
na;na;na;na;na;Qivioq skal starte på Kangillinnguit skole den her sommer.;Hun glæder sig meget og er allerede startet med at lære at skrive.;Qivioq har fået den blå skoletaske som hun har ønsket sig fra sin forældre.;Qivioq aasaq manna Kangillinnguit atuarfianni atualertussaavoq.;Assut qilanaaqaaq allannerlu ilinniarlugu aallartereersimallugu.;Qivioq atuagaasivimmik tungujortumik pilerigisaminik angajoqqaaminit tunisippoq.;na;na;na;na;na;practice;na;na;na;na;na;na;na;na;na;na;na;na;na;na;na;Er Qivioqs skoletaske rød?;Qiviup atuagaasivia aappaluttuua?;0;m;na;na;na;na;na;na;na;na;na;na;na;na;na;na;na;na;na;na;na;na;na;na
1;juaannar;kaffi;nuannaarpoq;er glad;Najas bedstefar boede i et lille rødt hus tæt ved vandet.;Om sommeren var han var altid glad og kunne lide at sejle i sin båd.;Desuden kunne han godt lide kaffe og at spise bolsjer. ;Najap aataa illumi mikisumi aappaluttumi sissap eqqaaniittumi najugaqarnikuuvoq. ;Aasakkut nuannaartuaannarnikuuvoq umiatsiarnerlu nuannaralugu. ;Aammattaaq kaffi sukkuaqqallu mamarisimavai.;nuannaartuaannarnikuuvoq;nikuu;time;13382;4.126521026;experimental;lexical;lexical;7225;3.858837851;2581;3.411788005;20984;4.321888278;19257;45;0.0023368126;8;8;8;5;Er huset rødt?;Illu aappaluttumik qalipaateqarpa?;1;z;0;18;25;11;15;10;17;26;33;3;3;3;2;object;99;106;155;159;91;98;107;114
2;juaannar;taamaallaat;fjernsynerpoq;ser fjernsyn;Nina kan godt lide sjove tv-serier.;Nina plejede at se fjernsyn mens hun spiste når hun var alene hjemme.;Nu ser hun kun fjernsyn når hun ikke har lektier for.;Ninap isiginnaagassiat illarnartut nuannarivai.;Nina angerlarsimaffimmi kisimiikkaangami fjernsynertuaannarnikuuvoq neriutigaluni.;Massakkut taamaallaat ilinniagassaqanngikkuni isiginnaartarpoq.;fjernsynertuaannarnikuuvoq;nikuu;time;13382;4.126521026;experimental;lexical;grammatical;7225;3.858837851;13940;4.144262774;99;1.995635195;77;1;0.0129870130;8;10;8;11;na;na;na;na;0;52;59;11;21;42;51;60;67;3;3;3;3;na;99;106;140;150;89;98;107;114
3;juaannar;naak;errortorpaa;vasker det;Da Corona kom blev folk lidt mere forsigtige.;Manden er begyndt at vaske hænder når han kommer hjem efter corona.;Han vasker hænder selvom han ikke har rørt noget.;Corona takkummat inuit mianersulerput.;Angut iseraangami errortortuaannarnikuuvoq coronap kingorna.;Errortortarpoq naak attuisimanngikkaluarluni.;errortortuaannarnikuuvoq;nikuu;time;13382;4.126521026;experimental;lexical;grammatical;7225;3.858837851;11871;4.074487305;423;2.626340367;423;0;0.0000000000;8;8;8;4;na;na;na;na;0;27;34;16;19;19;26;35;42;3;3;3;1;na;65;72;114;117;57;64;73;80
4;juaannar;kaffi;tuaviorpoq;skynder sig;I går aftes har Olsen-familien taget ud at spise.;Om morgen plejer familien Olsen skynde sig men i morges har de sovet over sig.;Far skynder sig med at lave kaffen.;Ippassaammat Olsenikkut unnukkut neriartorsimapput.;Ullaakkut Olsenikkut tuaviortuaannaraluarput kisianni ullaaq sinnartoorsimapput.;Ataatap kaffi tuaviinnaq sanapallappaa.;tuaviortuaannaraluarput;galuar;subj_col;137813;5.139290187;experimental;lexical;lexical;7225;3.858837851;2581;3.411788005;1734;3.239049093;1337;1;0.0007479432;7;7;9;5;Har familien Olsen sovet over sig?;Olsenikkut sinnartoorsimappat?;1;z;0;29;35;9;13;22;28;36;44;3;4;4;2;object;80;86;140;144;73;79;87;95
5;juaannar;taamaallaat;matoqqavoq;er lukket;Det er koldt i stuen.;Derfor skal døren altid være lukket om vinteren.;Man må kun have den åben, hvis der er dårlig luft.;Ini qiianarpoq.;Taamaammat matu matoqqajuaannassaaq ukiukkut.;Silaannalukkaangat taamaallaat ammatinneqartassaaq.;matoqqajuaannassaaq;ssa;time;751538;5.875950945;experimental;lexical;grammatical;7225;3.858837851;13940;4.144262774;3116;3.493597449;3116;2;0.0006418485;7;7;5;11;na;na;na;na;0;24;30;20;30;17;23;31;35;3;3;1;3;na;39;45;80;90;32;38;46;50
6;juaannar;nuna;assarnerpoq;der er østenvind;Jeg kommer fra Qasigiannguit.;Qasigiannguit plejer altid have østenvind om vinteren.;Men det er alligevel en dejlig by.;Qasigiannguaneerpunga.;Qasigiannguit assarnertuaannarsimavoq ukiukkut.;Taamaakkaluartoq nuna alianaatsuuvoq.;assarnertuaannarsimavoq;sima;time;603218;5.780474292;experimental;lexical;lexical;7225;3.858837851;253544;5.404053338;67;1.826074803;114;1;0.0087719298;8;8;7;4;na;na;na;na;0;23;30;18;21;15;22;31;37;3;3;3;2;subject;45;52;87;90;37;44;53;59
7;juaannar;taamaallaat;tupinnarpoq;er mærkeligt;Astronomen undersøger himlen om natten.;Der sker altid noget nyt og overraskende på nattehimlen, siden for lang tid siden.;Astronomen undersøger himmelen kun om natten.;Ulloriarsiooq unnuakkut qilammik misissuivoq.;Isumaa malillugu qilak tupinnartuaannarsimavoq qangarsuarli.;Ulloriarsiuulli qilak taamaallaat unnuakkut misissortarpaa.;tupinnartuaannarsimavoq;sima;time;603218;5.780474292;experimental;lexical;grammatical;7225;3.858837851;13940;4.144262774;4611;3.663795122;3109;1;0.0003216468;8;8;7;11;na;na;na;na;0;32;39;23;33;24;31;40;46;3;3;3;3;na;77;84;128;138;69;76;85;91
8;juaannar;tipi;marluupput;de er to;Skraldemændene kommer altid om fredagen.;Der er altid to skraldemænd.;Når de hælder affaldet i, kommer der altid dårlig lugt.;Eqqaavilerisut tallimanngornikkut takkuttarput.;Sulisut marluujuaannarsimapput tamatigut.;Eqakkat kuigaangamikkit tipi takkuttarpoq.;marluujuaannarsimapput;sima;time;603218;5.780474292;experimental;lexical;lexical;7225;3.858837851;2215;3.345373731;60709;4.783253079;4465;3;0.0006718925;8;6;8;4;Er der tre skraldemænd?;Eqqaavilerisut pingasuuppat?;0;m;0;15;22;25;28;9;14;23;30;3;2;3;2;subject;62;69;113;116;56;61;70;77
9;juaannar;naak;taamaappoq;sådan er det;Peter har loyale venner.;Vennegruppen har altid været tætte siden barndommen.;De ses stadig ofte, selvom de er blevet voksne.;Peter aalajaatsunik ikinnguteqarpoq.;Meeraallutilli taamaattuaannarsimapput ikinngutigiit.;Suli takujuarput naak inersimasunngoreerlutik.;taamaattuaannarsimapput;sima;time;603218;5.780474292;experimental;lexical;grammatical;7225;3.858837851;11871;4.074487305;87176;4.940396938;71560;174;0.0024315260;8;7;8;4;na;na;na;na;0;23;30;18;21;16;22;31;38;3;2;3;1;na;59;66;107;110;52;58;67;74
10;juaannar;uffa;inortuivoq;komme for sent;Palu er folkeskoleelev.;Desværre kommer han altid for sent om morgenen.;Han sover altid over sig, selvom det er meningen at han skal stå op tidligt.;Palu meeqqat atuarfianni atuartuuvoq.;Ajoraluartumik inortuijuaannavippoq ullaakkut.;Sinnartoortarpoq uffa itiaartartussaalluni.;inortuijuaannavippoq;vig;subj_col;37017;4.568401219;experimental;lexical;grammatical;7225;3.858837851;2225;3.347330015;265;2.423245874;265;0;0.0000000000;7;7;6;4;Kommer Palu for sent når han tager i skole?;Palu atuariartoraangami inortuisarpa?;1;z;0;23;29;18;21;16;22;30;35;3;4;2;2;na;60;66;101;104;53;59;67;72
11;jaar;naak;angerlarpoq;tager hjem;Hele klassen er taget på tur i det gode vejr.;Minik skal tage tidligt hjem fordi han skal spise  aftensmad hos sin bedstemor.;Han går langs vandet selvom vejen er lidt længere.;Atuaqatigiit tamarmik silagissumi pisuttuarsimapput.;Minik angerlajaarniarpoq aanamini unnukkorsiortussaagami.;Sissakkoorluni pisuppoq naak aqqutaa takinerugaluartoq.;angerlajaarniarpoq;niar;time;301624;5.479465895;experimental;lexical;grammatical;5607;3.748730556;11871;4.074487305;23543;4.371861803;28084;52;0.0018515881;4;7;7;4;na;na;na;na;0;14;17;25;28;7;13;18;24;1;3;3;1;na;66;69;134;137;59;65;70;76
12;jaar;uffa;pisiniarpoq;er på indkøb;Det er torsdag og det er koldt og regnvejr.;Naja skal ude og handle tidligt for hun skal til træning efter aftensmad.;Naja tager til brugsen selvom det er længere væk end pisiffik.;Sisamanngorneruvoq silalu nillerpoq siallerlunilu.;Naja ullumi pisiniajaassaaq unnukkorsiutitoreeruni timersoriarniarami.;Naja brugseniliarpoq uffa pisiffimmiit ungasinnerugaluartoq.;pisiniajaassaaq;ssa;time;751538;5.875950945;experimental;lexical;grammatical;5607;3.748730556;2225;3.347330015;7652;3.883774961;8137;0;0.0000000000;3;7;5;4;Skal Naja til træning i aften?;Naja unnugu timersoriassava?;1;z;0;20;22;22;25;13;19;23;27;1;4;1;2;na;70;72;142;145;63;69;73;77
13;jaar;siunnersuut;pisiniarpoq;er på indkøb;Mor har meget travlt.;Hun skal handle tidligt i dag fordi der er kommet nye varer i butikken.;Det gør hun for at følge rådet om at spise friske grøntsager.;Anaana assut ulapippoq.;Ullumi pisiniajaarniarpoq pisiassanik tikittoqarsimammat.;Taamaasiorpoq siunnersuut malillugu naatitat nutaat nerisassagamigit.;pisiniajaarniarpoq;niar;time;301624;5.479465895;experimental;lexical;lexical;5607;3.748730556;78349;4.894033458;7652;3.883774961;8137;0;0.0000000000;4;7;7;11;na;na;na;na;0;15;18;15;25;8;14;19;25;1;4;3;4;object;38;41;95;105;31;37;42;48
14;jaar;taamaallaat;atuariartorpoq;er på vej til skole;Det er vinter og der er stadig vintermørke.;Lukas finder først ud af at han er kommet til skole for tidligt da han kom frem.;Det viser sig at klokken er kun syv.;Ukiuuvoq sulilu kaperlappoq.;Lukas atuarfimmut atuariartujaarsimalluni apuukkami aatsaat paasivaa.;Nalunaaqutaq sunaaffa taamaallaat arfineq marlunngortoq.;atuariartujaarsimalluni;sima;time;603218;5.780474292;experimental;lexical;grammatical;5607;3.748730556;13940;4.144262774;987;2.994317153;143;1;0.0069930070;4;10;9;11;Er klokken otte?;Nalunaaqutaq arfineq pingasunngorpa?;0;m;0;29;32;23;33;19;28;33;41;1;6;4;3;na;57;60;120;130;47;56;61;69
15;jaar;matu;angerlarpoq;kommer hjem;Katsi ved at der kommer en storm i Nuuk.;Hun er kommet hjem tidligt før det kommer til at blæse.;Der begyndte at komme ordentlige vindstød ligesom hun kom hjem, så hun lukkede døren hurtigst muligt.;Nuummi anorersuartussaasoq Katsip nalunngilaa.;Siusissukkut angerlajaarsimavoq anorlilinnginnerani.;Apuukkami anoraasuasaqattaarmat matu matupallappaa.;angerlajaarsimavoq;sima;time;603218;5.780474292;experimental;lexical;lexical;5607;3.748730556;19025;4.279324665;23543;4.371861803;28084;52;0.0018515881;4;7;7;4;na;na;na;na;0;21;24;33;36;14;20;25;31;1;3;3;2;object;67;70;131;134;60;66;71;77
16;jaar;pisortaq;ingerlavoq;går;John er ikke på arbejde i dag pga. sygdom.;Han gik tidligt fra arbejde i går kl. 14.;I morges ringede han til chefen og informerede hende.;John napparsimalluni ullumikkut sulinngilaq.;Ippassaq marlunut suliffimminit ingerlajaarsimavoq napparsimagami.;Ullaaq pisortaq sianerfigaa paasitillugu.;ingerlajaarsimavoq;sima;time;603218;5.780474292;experimental;lexical;lexical;5607;3.748730556;59648;4.775595886;63801;4.804827486;166668;6;0.0000359997;4;7;7;8;na;na;na;na;0;40;43;8;15;33;39;44;50;1;3;3;3;object;84;87;118;125;77;83;88;94
17;jaar;angajoqqaaq;innartippaa;lægger i seng;Elisa har fire børn.;Derfor lægger hun sine børn tidligt, for at hvile sig.;Man kan sige, at Elisa er en forælder som bliver nemt træt.;Elisa sisamanik meeraqarpoq.;Tamanna pillugu meeqqani innartijaartarpai qasuersaarniarluni.;Elisa angajoqqaaq qasujasutut taaneqarsinnaavoq.;innartijaartarpai;tar;modification;706581;5.849161955;experimental;lexical;lexical;5607;3.748730556;15638;4.194181209;292;2.465382851;292;0;0.0000000000;4;7;6;11;na;na;na;na;0;33;36;7;17;26;32;37;42;1;3;2;4;subject;61;64;97;107;54;60;65;70
18;jaar;angajoqqaaq;anitsiarpoq;holder frikvarter;Miki har været uartig i skolen.;Læreren har givet ham tidligt frikvarter, men han er løbet væk nu.;Man tilkalder forælderen til barnet.;Miki atuarfimmi naalanngeqqissimavoq.;Ilinniartitsisup anitsiartijaarsimavaa qimaapallassimavorli.;Meeqqamut angajoqqaaq aggeqquneqarpoq.;anitsiartijaarsimavaa;sima;time;603218;5.780474292;experimental;lexical;lexical;5607;3.748730556;15638;4.194181209;223;2.348304863;5;0;0.0000000000;4;10;7;11;Er Miki artig i skolen?;Miki atuarfimmi naalappa?;0;m;0;28;31;11;21;18;27;32;38;1;5;3;4;subject;65;68;108;118;55;64;69;75
19;jaar;massa;isumagippoq;er godsindet;Moster skal holde kaffemik i morgen.;Hun burde sørge for at lave kagen før det bliver for sent.;Men hun var kommet til at falde i søvn selvom hun ikke var blevet færdig.;Aja aqagu kaffillertussaavoq.;Kaagiliassani isumagijaassagaluarpaa unnuppallaartinnagu.;Sinilertoorsimavorli massa naammassinani.;isumagijaassagaluarpaa;ssagaluar;epistemicity;16704;4.222820481;experimental;lexical;grammatical;5607;3.748730556;2571;3.410102077;26085;4.416390841;26085;0;0.0000000000;3;7;12;5;na;na;na;na;0;22;24;22;26;15;21;25;36;1;4;5;2;na;51;53;108;112;44;50;54;65
20;jaar;taava;assoruuppoq;spænder;Josef er i gang med at løfte under sin træning.;Måske kom han til at spænde for tidligt da han skal løfte.;Derfor får han forstuvet sin arm.;Josef nukkassarluni sungiusarpoq.;Kivitsilerami assoruujaarsimannguatsiarpoq immaqa.;Talini taava nukkilisittoorpaa.;assoruujaarsimannguatsiarpoq;simannguatsiar;time;255;2.40654018;experimental;lexical;grammatical;5607;3.748730556;44650;4.649821463;143;2.155336037;223;0;0.0000000000;4;7;17;5;na;na;na;na;0;22;25;8;12;15;21;26;42;1;3;7;2;na;55;58;91;95;48;54;59;75
21;pallag;kisianni;ilinniarpoq;læser lektier;Marie har ikke besøgt sin veninde Louise i lang tid.;Marie skal hurtig lave lektier fordi hun skal over til sin veninde.;Hun er ikke glad for matematik men hun laver det færdigt.;Mariep kammalaatini Louise qangali pulaarpaa.;Marie nerereeruni ilinniapallassaaq kammalaatini pulaassamaaramiuk.;Matematikkerneq nuannarinngilaa kisianni naammasserusuppai.;ilinniapallassaaq;ssa;time;751538;5.875950945;experimental;lexical;grammatical;7251;3.860397905;41817;4.621352873;110520;5.043440876;117291;2;0.0000170516;5;7;5;8;na;na;na;na;0;26;30;33;40;19;25;31;35;2;4;1;4;na;71;75;145;152;64;70;76;80
22;pallag;nuna;pisuttuarpoq;er ude at gå tur;Det er torsdag eftermiddag og klokken er fem.;Et ældre ægtepar tager hjem for at lave mad efter hurtigt at have gå en tur.;De går meget forsigtigt da det er glat.;Sisamanngorneruvoq ualikkut nalunaaqutaq tallimanngorpoq.;Utoqqaat aappariit pisuttuapallassimallutik angerlamut ingajartorput.;Aqqutaani nuna quasakkami sissueqqissaarlutik pisupput.;pisuttuapallassimallutik;sima;time;603218;5.780474292;experimental;lexical;lexical;7251;3.860397905;253544;5.404053338;1053;3.022428371;1164;1;0.0008591065;6;8;10;4;na;na;na;na;0;28;33;11;14;20;27;34;43;2;4;4;2;subject;85;90;137;140;77;84;91;100
23;pallag;angut;angerlarpoq;tager hjem;På arbejdet i den travle arbejdsdag er det ved at være eftermiddag.;Søren skal hurtigt hjem fordi hans svigerfar kommer på besøg.;Svigerfar er en frisk mand der ser ung ud.;Suliffimmi ulapaarfimmi ualiartulerpoq.;Suulut sulereeruni angerlapallassaaq sakia pulaartussaammat.;Sakia angut assut qiimasuuvoq inuusuppaluttoq.;angerlapallassaaq;ssa;time;751538;5.875950945;experimental;lexical;lexical;7251;3.860397905;43347;4.636959046;23543;4.371861803;28084;44;0.0015667284;5;7;5;5;na;na;na;na;0;27;31;7;11;20;26;32;36;2;3;1;2;subject;66;70;106;110;59;65;71;75
24;pallag;kaffi;pisiniarpoq;er på indkøb;Vi skal have gæster til eftermiddag.;Ataata skal hurtigt ud og handle efter kl. 12.;Han skal huske te, kaffe og kage.;Ualeru pulaartoqartussaavugut.;Ataata pisiniapallassaaq ullup qeqqata kingorna.;Tii, kaffi kaagillu eqqaasammavai.;pisiniapallassaaq;ssa;time;751538;5.875950945;experimental;lexical;lexical;7251;3.860397905;2581;3.411788005;7652;3.883774961;8137;14;0.0017205358;5;7;5;5;na;na;na;na;0;15;19;6;10;8;14;20;24;2;4;1;2;object;45;49;84;88;38;44;50;54
25;pallag;pisortaq;nalunaappoq;er tydelig;Jakob er sent på den.;Han skal hurtigt melde sin ankomst til sin kollega når han er kommet.;For Jakob vil ikke gøre chefen sur.;Jaaku inortuivoq.;Iseruni suleqatiminut nalunaapallassaaq isernerarluni.;Jaakummi pisortaq kamatsikkusunngilaa.;nalunaapallassaaq;ssa;time;751538;5.875950945;experimental;lexical;lexical;7251;3.860397905;59648;4.775595886;322;2.507855872;119874;1;0.0000083421;5;7;5;8;Kom Jakob for sent?;Jaaku inortuiva?;1;z;0;30;34;10;17;23;29;35;39;2;3;1;3;object;47;51;81;88;40;46;52;56
26;pallag;aamma;allapalaarivoq;broderer;Nuunu starter i skole til sommer.;Derfor har bedstemor hurtigt lavet smukke broderinger til hende.;De er blå og rødfarvede.;Nuunu aasaru atualertussaavoq.;Taamaammat aanaa allapalaaripallassimavoq kusanarluinnartunik.;Tungujortumik aamma aappaluttumik qalipaatilinnik.;allapalaaripallassimavoq;sima;time;603218;5.780474292;experimental;lexical;grammatical;7251;3.860397905;273010;5.436178555;54;1.73239376;16;0;0.0000000000;6;11;7;5;na;na;na;na;0;29;34;15;19;18;28;35;41;2;5;3;2;na;59;64;107;111;48;58;65;71
27;pallag;imaluunniit;aalajangerpoq;tager en beslutning;Donald Trump’s søn er kommet.;Politikerne har i al hast besluttet hvad de skal melde ud om hans ankomst.;Om han er kommet som turist eller til et møde.;Donald Trump-ip ernera tikissimavoq.;Polikerit aalajangipallassimapput qanoq tikinnera pillugu nalunaassanerlutik.;Takornariarnersoq imaluunniit ataatsimiigiarnersoq.;aalajangipallassimapput;sima;time;603218;5.780474292;experimental;lexical;grammatical;7251;3.860397905;57403;4.75893459;137905;5.139580013;40035;16;0.0003996503;6;9;8;11;na;na;na;na;0;20;25;19;29;11;19;26;33;2;4;3;4;na;56;61;132;142;47;55;62;69
28;pallag;massa;nalliuppoq;indtræffer;Børnene kan slet ikke vente til jul.;Lad julen komme hurtigt, for de siger de er spændte.;Men far gider ikke julen.;Meeqqat juullernissaanut utaqqikatattupilussuupput.;Juulli nalliutipallanniarli erinisuppunngooq.;Ataatap massa juulli eqiagigaa.;nalliutipallanniarli;niar;time;301624;5.479465895;experimental;lexical;grammatical;7251;3.860397905;2571;3.410102077;721;2.857935265;776;1;0.0012886598;6;8;6;5;na;na;na;na;0;16;21;9;13;8;15;22;27;2;4;3;2;na;67;72;105;109;59;66;73;78
29;pallag;siunnersuut;sungiusimavaa;er blevet fortrolig med det;Mikkel har matematik i skolen.;Han har vænnet sig til at dividere ret hurtigt.;Han har taget rådet om at følge med til sig.;Mikkili matematikkertarpoq.;Agguaaneq sungiutipallassimavaa tupinnaannartumik.;Atuarfimmi malinnaalluartarnissamut siunnersuut tigulluarsimavaa.;sungiutipallassimavaa;sima;time;603218;5.780474292;experimental;lexical;lexical;7251;3.860397905;78349;4.894033458;215;2.33243846;215;9;0.0418604651;6;8;7;11;Er Mikkel god til at følge med?;Mikkel malinnaallaqqippa?;1;z;0;19;24;37;47;11;18;25;31;2;4;3;4;object;46;51;114;124;38;45;52;58
30;pallag;angut;assakartippaa;triller det rundt;Paalo er en der styrketræner.;Han havde ikke svært ved at flippe stenen.;Paalo er en stærk mand.;Paalu kivittaarisartuuvoq.;Ujarassuaq assakartipallariikatappaa tigugamiuk.;Paalumiuna angut nukittooq.;assakartipallariikatappaa;riikatag;time;379;2.57863921;experimental;lexical;lexical;7251;3.860397905;43347;4.636959046;44;1.643452676;44;0;0.0000000000;5;9;11;5;na;na;na;na;0;21;25;12;16;12;20;26;36;2;4;4;2;subject;47;51;86;90;38;46;52;62
31;qqissaar;kisianni;torersarpaa;gør det rent;Det er lørdag og det er dejlig solskinsvejr.;Aqqaluks mor beder ham om at rengøre hans værelse for de skal have gæster.;Det gider Aqqaluk ikke men han gør det færdigt.;Arfininngorneruvoq assullu silageqaaq seqinnerluni.;Aqqalup anaanaata piumaffigivaa inini torersaqqissaassagaa pulaartoqartussaammata.;Aqqaluup tamanna eqiagaa kisianni inini naammassillugu suliarivaa.;torersaqqissaassagaa;ssa;time;751538;5.875950945;experimental;lexical;grammatical;11617;4.065093989;41817;4.621352873;355;2.550228353;355;2;0.0056338028;7;7;6;8;Er der sol?;Sila seqinnerpa?;1;z;0;46;52;26;33;39;45;53;58;2;3;2;4;na;97;103;159;166;90;96;104;109
32;qqissaar;uffa;errortorpaa;vasker det;Vaskeriet åbner kl. 8 i morgen.;Sofie skal vaske sin trøje ordentligt fordi hun kom til at spilde på den da hun spiste.;Sofie kan ikke komme af med pletten selvom hun bruger sæbe.;Aqagu errorsisarfik arfineq pingasunut ammassaaq.;Sofiep tujuuluni errortoqqissaarumaarpaa nerilluni ipertertooramiuk.;Sofiep ipeq eqqertinneq ajulerpaa uffa qaqorsaaseraluarlugu.;errortoqqissaarumaarpaa;jumaar;time;30947;4.490618555;experimental;lexical;grammatical;11617;4.065093989;2225;3.347330015;423;2.626340367;453;5;0.0110375276;7;7;9;4;Kom Sofie af med pletten?;Sofiep ipeq eqqertippaa?;0;m;0;25;31;35;38;18;24;32;40;2;3;3;2;na;74;80;152;155;67;73;81;89
33;qqissaar;matu;misissorpaa;undersøger det;Det er vinter og det er koldt udenfor.;Familien Jensen har undersøgt deres hus grundigt da det bliver koldt om aftenen.;De fandt ud af at døren var dårlig og de skiftede den sidenhen.;Ukiuuvoq silalu issittalerpoq.;Ilaqutariit Jensenikkut illortik misissoqqissaarnikuuaat unnukkut nillertittarmat.;Paasivaat matu ajortoq kingornalu taarserpaat.;misissoqqissaarnikuuaat;nikuu;time;13382;4.126521026;experimental;lexical;lexical;11617;4.065093989;19025;4.279324665;56651;4.75320758;16127;1008;0.0625038755;8;7;8;4;na;na;na;na;0;41;48;11;14;34;40;49;56;2;3;3;2;subject;71;78;123;126;64;70;79;86
34;qqissaar;kaffi;suliaraa;arbejder med det;Nuka skal aflevere eksamen i dag.;Hun vil lave sin eksamen grundigt fordi hun gerne vil klare sig godt.;Hun bliver meget hjulpet af kaffe.;Nuka ullumi soraarummerluni tunniussissaaq.;Soraarummerutini suliareqqissaarniarpaa angusilluarusukkami.;Allalluni kaffi assut iluaqutigisarpaa.;suliareqqissaarniarpaa;niar;time;301624;5.479465895;experimental;lexical;lexical;11617;4.065093989;2581;3.411788005;32547;4.512510964;1769;30;0.0169587337;8;7;7;5;Skal Nuka aflevere eksamen i morgen?;Aqagu Nuka soraarummeerluni tunniussissava?;0;m;0;25;32;11;15;18;24;33;39;2;4;3;2;object;68;75;114;118;61;67;76;82
35;qqissaar;kisianni;allattorpai;noterer dem ned;Hans er i gang med at tælle varer.;Han skal tælle varerne (notere dem ned) ordentligt.;Han skal tælle en vare ad gangen men også hvor mange der er i alt.;Hans pisiassanik kisitsivoq.;Pisiassat qassiunersut allattoqqissaassavai tamaasa.;Ataasiakkaarlugit kisianni aamma katillugit qassiunersut allattussavai.;allattoqqissaassavai;ssa;time;751538;5.875950945;experimental;lexical;grammatical;11617;4.065093989;41817;4.621352873;4277;3.63113925;6952;19;0.0027330265;7;7;6;8;na;na;na;na;0;31;37;19;26;24;30;38;43;2;3;2;4;na;59;65;99;106;52;58;66;71
36;qqissaar;aamma;apersuivoq;interviewer;Peter Jakobsen er en forsker.;Han er meget omhyggelig med sine spørgsmål når han samler data.;Han bruger både spørgeskemaer og interviews.;Peter Jakobsen ilisimatusartuuvoq.;Misissuinermini apersueqqissaartarpoq kukkorusunnani.;Spørgeskemat aamma ataasiakkaanik apersuineq atortarpai.;apersueqqissaartarpoq;tar;modification;706581;5.849161955;experimental;lexical;grammatical;11617;4.065093989;273010;5.436178555;6662;3.823604628;66;1;0.0151515152;8;7;6;5;Er Peter Jakobsen en politiker?;Peter Jakobsen politikeriua?;0;m;0;24;31;14;18;17;23;32;37;2;4;2;2;na;58;65;101;105;51;57;66;71
37;qqissaar;aamma;misissorpaa;undersøger det;Kaalat kan ikke lide tomater.;Hun undersøger altid sin mad for tomater når hun skal have burger.;Hun er også så kræsen.;Kaalamuna tomatit tassa mamaagigai.;Burgeritussagaangami nerisassami akui misissoqqissaartarpai tomat-eqaqinammat.;Tassamiuna Kaalat aamma narrutusoq.;misissoqqissaartarpai;tar;modification;706581;5.849161955;experimental;lexical;grammatical;11617;4.065093989;273010;5.436178555;56651;4.75320758;16127;1008;0.0625038755;8;7;6;5;na;na;na;na;0;46;53;19;23;39;45;54;59;2;3;2;2;na;81;88;132;136;74;80;89;94
38;qqissaar;aamma;killisiorpaa;forhører ham;Justus er mistænkt for tyveri.;Politimanden afhører ham grundigt.;Han har ikke en forklaring og det lader til at han gemmer på noget og nægter at have gjort noget.;Justus tillissimasutut pasineqarpoq.;Politiip killisioqqissaartarpaa ippassaq susimanersoq paasiniarlugu.;Justus nassuiaatissaqanngilaq aamma misiarpasippoq.;killisioqqissaartarpaa;tar;modification;706581;5.849161955;experimental;lexical;grammatical;11617;4.065093989;273010;5.436178555;1014;3.006037955;1033;4;0.0038722168;8;8;6;5;na;na;na;na;0;18;25;31;35;10;17;26;31;2;4;2;2;na;54;61;135;139;46;53;62;67
39;qqissaar;taava;nipangerpoq;tier stille;Malu er et barn, og hun bliver ved med at snakke hele tiden og moren tysser på hende.;I et stykke tid siger hun slet ikke noget og gør som hendes mor siger.;Men hun glemmer det hurtigt og begynder at snakke konstant igen.;Malu meeraq oqaluinnaavippoq, anaanaata nipaarsaaqquaa.;Sivikitsumik nipangeqqissaaraluarpoq naalalluni.;Ingerlaannarli puiorpaa taava oqaluinnaaveqqilerluni.;nipangeqqissaaraluarpoq;galuar;subj_col;137813;5.139290187;experimental;lexical;grammatical;11617;4.065093989;44650;4.649821463;2714;3.433609843;2588;9;0.0034775889;7;7;9;5;na;na;na;na;0;21;27;25;29;14;20;28;36;2;3;4;2;na;76;82;128;132;69;75;83;91
40;qqissaar;taava;ilisimavaa;ved det;Min søn er blevet så stor at han har fundet ud af at julemanden ikke eksisterer.;Han havde vidst lige præcis hvornår han skulle kigge efter julemanden, for han er ikke dum.;Derfor havde han morgenen efter sagt til sin mor at han ved at julemanden ikke eksisterer.;Ernip allinermut juulimaaq ilumuunngitsoq paasisimavaa.;Sianiitsuunnginnami ilisimaqqissaarsimavaa qaqugu juulimaaq marsissanerlugu.;Ullaakkut taava anaanaminut juulimaaqanngitsoq nalunnginnerarpaa.;ilisimaqqissaarsimavaa;sima;time;603218;5.780474292;experimental;lexical;grammatical;11617;4.065093989;44650;4.649821463;63682;4.804016694;85649;173;0.0020198718;8;7;7;5;Tror sønnen på julemanden?;Ernip juulimaaq upperivaa?;0;m;0;28;35;11;15;21;27;36;42;2;4;3;2;na;83;90;142;146;76;82;91;97
41;liar;imaluunniit;Upernavik;Upernavik;Min veninde er sygeplejerske og arbejder på hospitalet.;I morgen tager hun til Upernavik (Upernavik+liar+ssa+voq) for at besøge sin forældre.;Hun kommer nok tilbage om en uge eller måske om to uger.;Kammalaatiga peqqissaasuuvoq napparsimavimmilu sulisuulluni.;Aqagu Upernaviliassaaq angajoqqaani tikeraarniaramigit.;Immaqa sapaatip akunnera ataaseq imaluunniit marluk qaangiuppata utissaaq.;Upernaviliassaaq;ssa;time;751538;5.875950945;experimental;lexical;grammatical;9756;3.989271792;57403;4.75893459;5563;3.74530906;5845;75;0.0128314799;3;8;5;11;na;na;na;na;1;15;17;34;44;7;14;18;22;2;4;1;4;na;75;77;149;159;67;74;78;82
42;liar;taava;oqaluffik;kirke;Det er søndag og klokken er halv ni.;Ane falder på vej til kirken da vejen er glat.;Hun tager bare hjem da hun har for ondt.;Sapaataavoq nalunaaqutaq qulaaluap qeqqarpoq.;Ane oqaluffiliaraluarluni aqqusinikkut quasattukkut quaappoq.;Anniarnermut taava angerlaannarpoq.;oqaluffiliaraluarluni;galuar;subj_col;137813;5.139290187;experimental;lexical;grammatical;9756;3.989271792;44650;4.649821463;7474;3.873553094;6556;36;0.0054911531;4;8;9;5;na;na;na;na;1;13;16;14;18;5;12;17;25;2;4;5;2;na;58;61;120;124;50;57;62;70
43;liar;nuna;kangerluk;fjord;Det er tirsdag men Marie glæder sig til weekenden.;Marie og de andre planlægger at tage ind til fjorden i weekenden.;Landet er sikkert grønt da det har regnet meget på det seneste.;Marlunngorneruvoq Marielli weekendternissaa qilanaaraa.;Weekendtimi Mariekkut kangerluliassallutik pilersaarput.;Sialleqattaarnikuummat ilimanarpoq nuna qorsooqqissasoq.;kangerluliassallutik;ssa;time;751538;5.875950945;experimental;lexical;lexical;9756;3.989271792;253544;5.404053338;5383;3.73102438;12889;9;0.0006982698;3;8;9;4;na;na;na;na;1;31;33;36;39;23;30;34;42;2;3;3;2;subject;86;88;147;150;78;85;89;97
44;liar;kaffi;pisiniarfik;butik;Det er morgen og der er sol.;Kaalat har lige været i supermarkedet for hun løb tør for mælk.;Da hun kom hjem drak hun endelig sin kaffe.;Ullaajuvoq seqinnerlunilu.;Kaalat pisiniarfiliaqqammerpoq immunnik nunguttoorsimagami.;Angerlarami kaffi illigisimasani najoqqalerpaa.;pisiniarfiliaqqammerpoq;qqammer;time;4878;3.688241796;experimental;lexical;lexical;9756;3.989271792;2581;3.411788005;5338;3.727378569;5339;133;0.0249110320;3;10;10;5;na;na;na;na;1;18;20;13;17;8;17;21;30;2;5;3;2;object;44;46;98;102;34;43;47;56
45;liar;angajoqqaaq;meeqqerivik;børnehave;Karl skal sørge for sin datter.;Han skal hente hende i børnehaven efter arbejde.;Han møder en anden forælder på vejen.;Kaalip panini isumagisussaavaa.;Suliffimminiit soraaruni meeqqeriviliarniarpoq aallugu.;Aqqutaani angajoqqaaq alla naapippaa.;meeqqeriviliarniarpoq;niar;time;301624;5.479465895;experimental;lexical;lexical;9756;3.989271792;15638;4.194181209;2356;3.372175286;2301;4;0.0017383746;4;10;7;11;na;na;na;na;1;36;39;11;21;26;35;40;46;2;4;3;4;object;67;70;97;107;57;66;71;77
46;liar;angut;talittarfik;havn;Angajus lillebror kommer med skibet.;Han var taget ned til havnen for at hente ham.;På havnen møder han en mand han kender.;Angajup nukaa umiarsuarmik tikittussaavoq.;Tikittuulerami talittarfiliarsimavoq niuffiorluni.;Takanani angut naapitani ilisarivaa.;talittarfiliarsimavoq;sima;time;603218;5.780474292;experimental;lexical;lexical;9756;3.989271792;43347;4.636959046;981;2.991669007;981;10;0.0101936799;4;10;7;5;na;na;na;na;1;26;29;10;14;16;25;30;36;2;4;3;2;object;68;71;102;106;58;67;72;78
47;liar;siunnersuut;mittarfik;lufthavn;Arnajaraq skal til Spanien i morgen på ferie.;Hun skal tidligt til lufthavnen for ikke at komme for sent.;Hun vil følge rådet om at komme tidligt.;Arnajaraq Spaniamut feeriarluni aqagu aallassaaq.;Aallaleruni siusinaarluni mittarfiliarniarpoq inortuinnginniassagami.;Takkutiaarnissamut siunnersuut malinniaramiuk.;mittarfiliarniarpoq;niar;time;301624;5.479465895;experimental;lexical;lexical;9756;3.989271792;78349;4.894033458;10211;4.009068276;10211;129;0.0126334345;4;8;7;11;Skal Arnajaraq til Italien i morgen?;Arnajaraq aqagu Italiamukassava?;0;m;1;35;38;20;30;27;34;39;45;2;3;3;4;object;84;87;138;148;76;83;88;94
48;liar;massa;Sisimiut;Sisimiut;Juliane er kommet.;Hun havde ankommet med fly i søndags til Sisimiut.;De havde heldigvis landet selvom det blæste.;Juliane tikissimavoq.;Sapaatiummat Sisimiuliaqqammerpoq timmisartumik.;Qujanartumik missimapput massa anorlertoq.;Sisimiuliaqqammerpoq;qqammer;time;4878;3.688241796;experimental;lexical;grammatical;9756;3.989271792;2571;3.410102077;12701;4.103837916;12736;74;0.0058103015;3;7;10;5;na;na;na;na;1;21;23;26;30;14;20;24;33;2;4;3;2;na;42;44;95;99;35;41;45;54
49;liar;imaluunniit;Uummannaq;Uummannaq;Susanne planlægger sin ferie.;Hun skal til Uummannaq til sommer.;Hun skal bo hos sin moster eller bedstefar.;Susanne feeriarnissaminut pilersaarusiorpoq.;Aasaru Uummannaliarniarpoq tikeraarluni.;Ajakkuminiissooq imaluunniit aatakkumini.;Uummannaliarniarpoq;niar;time;301624;5.479465895;experimental;lexical;grammatical;9756;3.989271792;57403;4.75893459;6908;3.839352329;7063;38;0.0053801501;4;8;7;11;na;na;na;na;1;16;19;18;28;8;15;20;26;2;3;3;4;na;60;63;102;112;52;59;64;70
50;liar;taamaallaat;Upernavik;Upernavik;Lars er en berejst mand.;Han tog til Upernavik med skib sidste år.;Han mangler kun at se Qaanaaq.;Lars angalatuujuvoq.;Ukioq kingulleq Upernaviliarsimavoq umiarsuarmik.;Tikissimanngisamini Qaanaaq taamaallaat amigaatigilerpaa.;Upernaviliarsimavoq;sima;time;603218;5.780474292;experimental;lexical;grammatical;9756;3.989271792;13940;4.144262774;5563;3.74530906;5845;75;0.0128314799;4;8;7;11;na;na;na;na;1;25;28;29;39;17;24;29;35;2;4;3;3;na;45;48;98;108;37;44;49;55
51;tor;kaffi;nakorsaat;medicin;Najas bedstefar Jens er 70 år.;Hver morgen tager bedstefar Jens medicin fordi han har dårligt hjerte.;Han kan heller ikke undvære kaffe om morgenen.;Najap aataa Jens 70-nik ukioqarpoq.;Aataa Jens ullaat tamaasa nakorsaatitortarpoq pissutigalugu uummallukkami.;Ullaakkut kaffi aamma pinngitsoorsinnaaneq ajorpaa.;nakorsaatitortarpoq;tar;modification;706581;5.849161955;experimental;lexical;lexical;13579;4.132867788;2581;3.411788005;3103;3.491781776;2623;245;0.0934044987;3;10;6;5;Drikker Najas bedstefar te om morgen?;Najap aataa ullaakkut tiitortarpa?;0;m;1;37;39;11;15;27;36;40;45;1;4;2;2;object;72;74;120;124;62;71;75;80
52;tor;taava;puuluki;svin;Mine forældre plejer at lave meget mad i julen.;Jeg har spist den bedste gris hos mine forældre i julen.;Bagefter fik vi risalamande.;Juulliaqqami anaanakkut assut igasarput.;Juulliaqqami anaanakkuni puulukitornikuuvunga mamarnerpaamik.;Kingornatigut taava risalamandetorput.;puulukitornikuuvunga;nikuu;time;13382;4.126521026;experimental;lexical;grammatical;13579;4.132867788;44650;4.649821463;924;2.965671971;906;0;0.0000000000;3;7;10;5;na;na;na;na;1;33;35;15;19;26;32;36;45;1;3;4;2;na;73;75;116;120;66;72;76;85
53;tor;kisianni;lasagne;lasagne;Familien Nielsen plejer at spise kl. 6 om aftenen.;Familien Nielsen plejer at spise lasagne med salat om søndagen.;Men børnene kan ikke lide salat så de spiser det ikke med det.;Ilaqutariit Nielsenikkut unnukkut arfinernut nerisarput.;Nielsenikkut sapaatikkut lasagnetortarput salatilerlugu.;Meeqqat kisianni salatit mamarinnginnamikkit taakkulerneq ajorput.;lasagnetortarput;tar;modification;706581;5.849161955;experimental;lexical;grammatical;13579;4.132867788;41817;4.621352873;4;0.602059991;4;0;0.0000000000;3;7;6;8;na;na;na;na;1;33;35;9;16;26;32;36;41;1;3;2;4;na;89;91;121;128;82;88;92;97
54;tor;taamaallaat;timiusiaq;rugbrød;Dagen har været meget lang for Peter.;Om aftenen går han i seng efter at have spist rugbrød.;Da han tager i seng falder han i søvn efter at havde slukket for lampen.;Piitamut ulloq assut takivoq.;Angerlarami timiusiartorsinnarluni innarpoq.;Innarami qulleq taamaallaat qamikkamiuk sinilerpoq.;timiusiartorsinnarluni;sinnar;subj_col;4310;3.63447727;experimental;lexical;grammatical;13579;4.132867788;13940;4.144262774;150;2.176091259;26;2;0.0769230769;3;9;10;11;na;na;na;na;1;22;24;17;27;13;21;25;34;1;5;4;3;na;51;53;90;100;42;50;54;63
55;tor;tipi;umimmak;moskusokse;Far skal tage mad op fra fryseren.;Han vil gerne have lækker moskuskød til i aften.;Han forestiller sig duften af maden når han kommer ind ad døren.;Ataata igaassanik qaqitsivoq.;Unnugu umimmattorniarpoq mamartumik.;Takorloorpaa iseruni tipi naamajuminartoq naassallugu.;umimmattorniarpoq;niar;time;301624;5.479465895;experimental;lexical;lexical;13579;4.132867788;2215;3.345373731;2343;3.369772289;134;2;0.0149253731;3;7;7;4;Vil far have moskuskød til aftensmad?;Ataata unnugu umimmattorusuppa?;1;z;1;15;17;22;25;8;14;18;24;1;3;3;2;object;44;46;87;90;37;43;47;53
56;tor;kisianni;mamakujuttut;slik;Niviana har fået fredagsslik.;Hun havde spist slik mens hun så fjernsyn.;Hun syntes det smagte godt, men hun havde fået dårlig mave.;Niviana tallimanngornikut mamakujuttunik tunitittarpoq.;Fjernsynerluni mamakujuttutorsimavoq qaalerluni.;Mamarsarsimavoq kisianni naarlulersimalluni.;mamakujuttutorsimavoq;sima;time;603218;5.780474292;experimental;lexical;grammatical;13579;4.132867788;41817;4.621352873;260;2.414973348;323;36;0.1114551084;3;11;7;8;na;na;na;na;1;27;29;17;24;16;26;30;36;1;5;3;4;na;82;84;120;127;71;81;85;91
57;tor;siunnersuut;sodavandi;sodavand;Nuka har rigtig ondt i tanden.;Han driker altid tre sodavand når han spiser.;Han har ikke fulgt tandlægens råd.;Nuka kinguserisupilussuuvoq.;Nerilluni sodavanditortarpoq pingasunik.;Kigutilerisumiit siunnersuut malissimanngilaa.;sodavanditortarpoq;tar;modification;706581;5.849161955;experimental;lexical;lexical;13579;4.132867788;78349;4.894033458;534;2.727541257;518;66;0.1274131274;3;9;6;11;na;na;na;na;1;20;22;18;28;11;19;23;28;1;4;2;4;object;48;50;86;96;39;47;51;56
58;tor;uffa;appelsin;appelsin;Louise kan ikke tåle appelsiner (får kløe af det).;Hun spiser altid appelsiner og synes altid det smager godt.;Hun bliver ved, selvom hun ikke kan tåle dem.;Louisep appelsinat ungillerinarai.;Tamatigut appelsinatortarpoq mamarsarluni.;Piniinnartarpoq uffa saperlugit.;appelsinatortarpoq;tar;modification;706581;5.849161955;experimental;lexical;grammatical;13579;4.132867788;2225;3.347330015;30;1.477121255;30;1;0.0333333333;3;9;6;4;na;na;na;na;1;20;22;17;20;11;19;23;28;1;4;2;2;na;54;56;93;96;45;53;57;62
59;tor;imaluunniit;issiigassat;havregryn;Beate plejer at vågne tidligt.;Hun spiser havregryn med mælk om morgenen.;Enten med sukker eller rosiner.;Beate itiaartarpoq.;Ullaakkut issiigassartortarpoq immulerlugit.;Sioraasalerlugit imaluunniit paarnaaralerlugit.;issiigassartortarpoq;tar;modification;706581;5.849161955;experimental;lexical;grammatical;13579;4.132867788;57403;4.75893459;117;2.068185862;9;3;0.3333333333;3;11;6;11;Spiser Beate havregryn om morgen?;Beate ullaakkut issiigassatortarpa?;1;z;1;22;24;18;28;11;21;25;30;1;4;2;4;na;41;43;81;91;30;40;44;49
60;tor;siunnersuut;aalisagaq;fisk;Jens har kløe.;Han er desværre kommet til at spise fisk som han ikke kan tåle.;Han følger rådet om at tage til lægen.;Jens assut ungillerivoq.;Ajoraluartumik aalisagartorsimavoq sapikkaminik.;Nakorsiarnissamut siunnersuut malillugu nakorsiarpoq.;aalisagartorsimavoq;sima;time;603218;5.780474292;experimental;lexical;lexical;13579;4.132867788;78349;4.894033458;9236;3.965483924;955;78;0.0816753927;3;9;7;11;Er Jens taget til lægen?;Jens nakorsiarpa?;1;z;1;25;27;19;29;16;24;28;34;1;4;3;4;object;49;51;91;101;40;48;52;58
61;sior;nuna;ukiortaaq;nytår;Nu er julen overstået og Amalie glæder sig meget til nytår.;Amalie og hendes venner planlægger at holde nytår i en hytte.;Landet ved hytten er meget smukt og godt.;Maanna juullereerpoq Amalialu ukiortaamut qilanaaqaaq.;Amalie kammalaatinilu illuaqqami ukiortaarsiussallutik pilersaarput.;Illuaqqap eqqaani nuna assut kusanarpoq nuannerlunilu.;ukiortaarsiussallutik;ssa;time;751538;5.875950945;experimental;lexical;lexical;92397;4.965657871;253544;5.404053338;2615;3.417471693;287;148;0.5156794425;3;9;9;4;na;na;na;na;1;43;45;19;22;34;42;46;54;2;4;3;2;subject;97;99;141;144;88;96;100;108
62;sior;nuna;anorersuaq;storm;Familien Nielsen skal på ferie i Danmark.;I Grønland har de meget stormvejr men i Danmark er det stadig varmt.;I Danmark er landet meget grønt.;Ilaqutariit Nielsenikkut Danmarkimut feeriassapput.;Kalaallit Nunaanni anorersuarsioqaat Danmarkimili suli kiappoq.;Danmarkimi nuna assut qorsooqqippoq.;anorersuarsioqaat;qi;subj_col;99404;4.997403861;experimental;lexical;lexical;92397;4.965657871;253544;5.404053338;1941;3.288025535;2238;132;0.0589812332;3;10;4;4;Er der koldt i Danmark?;Danmarkimi sila nillerpa?;0;m;1;30;32;12;15;20;29;33;36;2;5;1;2;subject;81;83;126;129;71;80;84;87
63;sior;tipi;eqqaavik;skraldespand;Der ligger en containerplads udenfor en butik.;Nogle mennesker leder efter ting i containerne fordi skrald kan genbruges.;I nogle af containerne kan man lugte en (grim) lugt.;Pisiniarfiup silataani eqqaaveqarpoq.;Inuit ilaat eqqaavissiortarput igitat atoqqissinnaammata.;Eqqaaviit ilaannit tipi naamanartarpoq.;eqqaavissiortarput;tar;modification;706581;5.849161955;experimental;lexical;lexical;92397;4.965657871;2215;3.345373731;1605;3.205475037;532;30;0.0563909774;4;8;6;4;na;na;na;na;1;21;24;20;23;13;20;25;30;2;3;2;2;subject;58;61;114;117;50;57;62;67
64;sior;taava;ukiortaaq;nytår;Jul er ovre og familien Olsen skal snart rejse.;Familien Olsen skal holde nytår i et varmt land.;De skal flyve til et land og så tage toget til deres by.;Juullereerpoq Olsenikkullu aallaliivipput.;Ilaqutariit Olsenikkut ukiortaarsiorniarput nunami kiattumi.;Nunassaminnut timmisartorunik taava illoqarfimmut qimuttuitsussapput.;ukiortaarsiorniarput;niar;time;301624;5.479465895;experimental;lexical;grammatical;92397;4.965657871;44650;4.649821463;2615;3.417471693;287;148;0.5156794425;4;9;7;5;na;na;na;na;1;33;36;31;35;24;32;37;43;2;4;3;2;na;75;78;133;137;66;74;79;85
65;sior;angut;suliassaq;arbejde;Elias ernærer sig som fisker og fanger.;På det seneste prøver han vist at leve af at fiske.;Elias er en mand som er en god fanger og er god til at fiske.;Elias aalisartuullunilu piniartuuvoq.;Kingullertigut suliassarsiunnguatsiarpoq aalisartutut.;Elias angut pinerrarissuullunilu aalisartuulluarpoq.;suliassarsiunnguatsiarpoq;nnguatsiar;epistemicity;2116;3.325515663;experimental;lexical;lexical;92397;4.965657871;43347;4.636959046;32665;4.514082663;2709;64;0.0236249539;3;9;13;5;na;na;na;na;1;25;27;7;11;16;24;28;40;2;4;5;2;subject;62;64;98;102;53;61;65;77
66;sior;pisortaq;qilalugaq;narhval;Kuutak er fritidsfanger.;Søndags kiggede han ellers efter narhvaler, men fik ikke noget.;Mandags siger han til kontorets chef at han ikke havde fanget noget.;Kuutak sunngiffimmini pinialuttarpoq.;Sapaatiummat qilalugarsioraluarpoq susaarlunili.;Ataasinngormat allaffimmi pisortaq oqarfigaa susaarsimalluni.;qilalugarsioraluarpoq;galuar;subj_col;137813;5.139290187;experimental;lexical;lexical;92397;4.965657871;59648;4.775595886;3868;3.587486465;1137;1;0.0008795075;3;9;9;8;na;na;na;na;1;23;25;27;34;14;22;26;34;2;4;4;3;object;60;62;112;119;51;59;63;71
67;sior;kaffi;angusineq;eksamen;Solvej er blevet student.;Hun har fejret sin beståede afgangseksamen med en begivenhed.;Hun bød på te, kaffe og kage.;Solvej ilinniarnertuunngorsimavoq.;Sapaatiummat angusinersiorsimavoq qaaqqusilluni.;Tii, kaffi kaagillu pilliutigisimavai.;angusinersiorsimavoq;sima;time;603218;5.780474292;experimental;lexical;lexical;92397;4.965657871;2581;3.411788005;53;1.72427587;43;1;0.0232558140;4;9;7;5;Er Solvej blevet student?;Solvej ilinniarnertunngorsimava?;1;z;1;23;26;6;10;14;22;27;33;2;4;3;2;object;57;60;88;92;48;56;61;67
68;sior;imaluunniit;atuagassaq;læsestof;Jane kan godt lide bøger.;Hun tager ofte til biblioteket for at finde bøger.;Hun plejer at låne romaner eller tegneserier.;Jane atuakkanik nuannarisaqartuuvoq.;Akulikitsumik atuagassarsiortarpoq bibliotekimi.;Piusuusaartitanik imaluunniit titartakkanik atortarpoq.;atuagassarsiortarpoq;tar;modification;706581;5.849161955;experimental;lexical;grammatical;92397;4.965657871;57403;4.75893459;551;2.741151599;44;0;0.0000000000;4;10;6;11;na;na;na;na;1;25;28;19;29;15;24;29;34;2;5;2;4;na;61;64;103;113;51;60;65;70
69;sior;uffa;imissaq;drikkevand;Hans bliver tørstig mens han går en tur.;Han leder ellers efter en billig vand i butikken.;Han køber bare den dyreste, selvom han ved han ikke har råd.;Hans pisuttuarujoortilluni qilalerpoq.;Pisiniarfimmi imissarsioraluarpoq akikitsumik.;Akisuneq pisiariinnarpaa uffa nalunagu akissaqarnani.;imissarsioraluarpoq;galuar;subj_col;137813;5.139290187;experimental;lexical;grammatical;92397;4.965657871;2225;3.347330015;751;2.875639937;31;7;0.2258064516;3;7;9;4;Finder Hans noget at drikke?;Hans imigassaminik nassaarpa?;1;z;1;22;24;26;29;15;21;25;33;2;3;4;2;na;60;62;110;113;53;59;63;71
70;sior;taava;kaasarfik;lomme;Tupaarnaq har fået en tier fra sin bedstemor.;Da hun fik sin gave, ledte hun efter sin pung i sine lommer.;Men hun lagde den bare i lommen da hun havde glemt sin pung.;Tupaarnaq aanaminit 10 kr-imik tunisippoq.;Tigugamiuk kaasarfissioraluarpoq aningaasivimminut ikiniarlugu.;Kaasarfimminullu taava kaasarfissiutiinnarpaa aningaasivini qimassimagamiuk.;kaasarfissioraluarpoq;galuar;subj_col;137813;5.139290187;experimental;lexical;grammatical;92397;4.965657871;44650;4.649821463;1124;3.050766311;66;12;0.1818181818;3;9;9;5;na;na;na;na;1;21;23;18;22;12;20;24;32;2;3;4;2;na;63;65;123;127;54;62;66;74
71;ler;naak;spaghetti;spaghetti;Dagen har været rigtig lang for Naja.;I aften skal Naja tilsætte spaghetti i sin aftensmad da hun ikke har fået det længe.;Da Naja fik fri tilbereder hun aftensmad selvom hun er meget træt.;Ulloq Najamut assut takivoq.;Unnugu unnukkorsiutissani spaghettilerniarpai sivisuumik taakkutornikuunnginnami.;Naja suliffimminiit soraarami unnukkorsiutiliorpoq naak assut qasutigigaluarluni.;spaghettilerniarpai;niar;time;301624;5.479465895;experimental;lexical;grammatical;165069;5.21766552;11871;4.074487305;12;1.079181246;12;0;0.0000000000;3;9;7;4;na;na;na;na;1;36;38;52;55;27;35;39;45;1;3;3;1;na;64;66;161;164;55;63;67;73
72;ler;angajoqqaaq;kavaajaq;jakke;Maries venner er ude på legepladsen.;Marie venter spændt på sin mor og har taget jakke på fordi hun skal ud og lege.;Maries mor er med da forældre må være med på legepladsen.;Mariep kammalaatai pinnguartarfimmi pinnguarput.;Marie aneernissaminut qilanaarnermut kavaajalersimalluni anaanani utaqqivaa.;Pinnguartarfimmi angajoqqaat ilaaqqusaammata Mariep anaanaa ilaavoq.;kavaajalersimalluni;sima;time;603218;5.780474292;experimental;lexical;lexical;165069;5.21766552;15638;4.194181209;719;2.85672889;777;1;0.0012870013;3;7;9;11;na;na;na;na;1;45;47;18;28;38;44;48;56;1;3;4;4;subject;93;95;142;152;86;92;96;104
73;ler;kaffi;vanilje;vanilje;Jeg har inviteret min kammerat til småkager.;Mine småkager smager godt fordi de har fået masser af vanilje.;Mine småkager smager godt til kaffen.;Kammalaatiga kaageeqqanut qaaqquara.;Kaageeraliakka vanilialersimagamik assut mamarput.;Kaageeraliakka kaffi najullattaallugu mamaqaat.;vanilialersimagamik;sima;time;603218;5.780474292;experimental;lexical;lexical;165069;5.21766552;2581;3.411788005;15;1.176091259;15;0;0.0000000000;3;7;9;5;Er der vanilje i småkagerne?;Kaageeqqat vaniliaqarpat?;1;z;1;23;25;16;20;16;22;26;34;1;4;4;2;object;59;61;102;106;52;58;62;70
74;ler;naak;pujoorfik;skorsten;Hans og hans familie har købt et nyt hus.;Hans har sat en sort skorsten på deres hus.;Hans kone synes ellers den nye skorsten er for stor men hun syntes det er fint.;Hansikkut nutaamik illusippput.;Hansip illortik pujoorfilersimavaa qernertumik.;Nuliata pujoorfittaartik naak angigigaluarlugu ajorinngilaa.;pujoorfilersimavaa;sima;time;603218;5.780474292;experimental;lexical;grammatical;165069;5.21766552;11871;4.074487305;264;2.421603927;291;6;0.0206185567;3;8;7;4;na;na;na;na;1;25;27;26;29;17;24;28;34;1;3;3;1;na;56;58;104;107;48;55;59;65
75;ler;nuna;oqorsaatit;varmt tøj;Hansine og hendes ven skal på hiking til Kangerlussuaq.;Da de skulle afsted tog hun varmt tøj på fordi hun fryser nemt.;Hun håber at landet ikke er for koldt.;Hansine ikinngunnilu Kangerlussuarmut pisukkialerput.;Aallaleramik oqorsaatilersimavoq qiiatuujugami.;Neriuppoq nuna qiianarpallaassanngitsoq.;oqorsaatilersimavoq;sima;time;603218;5.780474292;experimental;lexical;lexical;165069;5.21766552;253544;5.404053338;209;2.320146286;119;1;0.0084033613;3;9;7;4;na;na;na;na;1;23;25;11;14;14;22;26;32;1;4;3;2;subject;76;78;111;114;67;75;79;85
76;ler;uffa;tujuuluk;trøje;Angaju gik ud mens vejret var koldt.;Heldigvis har han taget en trøje på da han var på vej ud.;For han plejer at have for lidt tøj på selvom om det er så koldt.;Sila nillertoq angaju anivoq.;Anilerami tujuululernikuuvoq qujanartumik.;Oqorsanngitsoortarami uffa taamak nillertigisoq.;tujuululernikuuvoq;nikuu;time;13382;4.126521026;experimental;lexical;grammatical;165069;5.21766552;2225;3.347330015;420;2.62324929;331;9;0.0271903323;3;7;8;4;na;na;na;na;1;18;20;23;26;11;17;21;28;1;3;3;2;na;47;49;94;97;40;46;50;57
77;ler;kaffi;issiavissaq;siddeplads;Mina holder kaffemik.;Hun har lagt stole ud til gæsterne i stuen.;Og da de vist var på vej ind laver hun kaffe og te.;Mina kaffillerpoq.;Isertut issiavissalersimavai inimi.;Isaalerunarmata kaffi tiilu piareersarpai.;issiavissalersimavai;sima;time;603218;5.780474292;experimental;lexical;lexical;165069;5.21766552;2581;3.411788005;718;2.856124444;718;0;0.0000000000;3;10;7;5;na;na;na;na;1;19;21;17;21;9;18;22;28;1;5;3;2;object;37;39;70;74;27;36;40;46
78;ler;angajoqqaaq;aaqqat;vante;Karos datter skal ud at lege.;Da datteren skal ud, har hun givet hende ellers vanter på.;Karo er en ansvarlig forælder.;Karop pania aniilerpoq.;Anaanaata anilermat aaqqatilernikuuvaa assaalinnginniassammat.;Karo tassaavoq angajoqqaaq isumatooq.;aaqqatilernikuuvaa;nikuu;time;13382;4.126521026;experimental;lexical;lexical;165069;5.21766552;15638;4.194181209;419;2.622214023;290;1;0.0034482759;3;7;8;11;Giver Karo sin datter hue på?;Karop panini nasalerpaa?;0;m;1;28;30;16;26;21;27;31;38;1;3;3;4;subject;51;53;101;111;44;50;54;61
79;ler;nuna;assuutit;festtøj;Aja fejrer nationaldagen.;Selvfølgelig har hun taget pænt tøj på da hun skulle til kirken.;Hun elsker denne land så meget.;Aja inuiattut ullorsiortupilussuuvoq.;Naalagialerami assuutilersimavoq soorunami.;Mannami nuna assut asavaa.;assuutilersimavoq;sima;time;603218;5.780474292;experimental;lexical;lexical;165069;5.21766552;253544;5.404053338;209;2.320146286;209;0;0.0000000000;3;7;7;4;na;na;na;na;1;23;25;9;12;16;22;26;32;1;3;3;2;object;60;62;89;92;53;59;63;69
80;ler;uffa;iluaqut;gavn;Kasper taget til lægen da han er syg.;De gav ham medicin som vil hjælpe på hans sygdom.;Han tog på arbejde den dag selvom man har sagt til ham at han skal blive hjemme.;Kasper napparsimalluni nakorsiarpoq.;Nakorsiarmat iluaqutilersimavaat iisartakkanik.;Ulloq taanna suliartorsimavoq uffa uninngaqqaaqqusaalluni.;iluaqutilersimavaat;sima;time;603218;5.780474292;experimental;lexical;grammatical;165069;5.21766552;2225;3.347330015;23853;4.377543008;11448;1;0.0000873515;3;8;8;4;na;na;na;na;1;22;24;31;34;14;21;25;32;1;5;3;2;na;58;60;114;117;50;57;61;68
81;qqajaa;aamma;silapiluk;dårligt vejr;Vejret er meget mærkeligt i år.;Her i sommer har vejret været meget ustadigt med tendens til dårligt vejr.;I dag regner det og blæser igen.;Sila ukiormanna assut eqqumiippoq.;Aasarmanna sila assut silapiloqqajaanikuuvoq unerisimanani.;Ullumi aamma siallerlunilu anorlerpoq.;silapiloqqajaanikuuvoq;nikuu;time;13382;4.126521026;experimental;grammatical;grammatical;1906;3.280122896;273010;5.436178555;65;1.812913357;15;0;0.0000000000;6;8;8;5;Er der sol i dag?;Ullumi sila seqinnerpa?;0;m;0;31;36;8;12;23;30;37;44;2;4;3;2;na;65;70;101;105;57;64;71;78
82;qqajaa;tipi;tangajorpoq;nyser;Det sidste stykke tid har folk været syge.;Kaalat var hele tiden ved at nyse i går men i dag har hun det fint.;I går kunne hun ikke tåle en (bestemt) lugt.;Piffissaq kingulleq inuit nappaalapput.;Kaalat ippassaq tangajoqqajaagaluarami ullumi aaqqissimavoq.;Ippassaammat tipi aaliangersimasoq saperpaa.;tangajoqqajaagaluarami;galuar;subj_col;137813;5.139290187;experimental;grammatical;lexical;1906;3.280122896;2215;3.345373731;76;1.880813592;95;0;0.0000000000;6;7;9;4;na;na;na;na;0;24;29;14;17;17;23;30;38;2;3;5;2;object;63;68;113;116;56;62;69;77
83;qqajaa;aamma;userarpoq;spilder;Nuka og hans venner planlægger at se deres yndlingsserie sammen.;De var lige ved at spilde deres drikkevarer fordi de satte sig så hurtigt.;Nu mangler de kun chips og slik.;Nuka-kkut kammagiillutik isiginnaagassiaq isiginnaassamaarpaat.;Ingikkamik imigassatik userartoqqajaagaluarpaat ingipallannermik.;Massakkut taamaallaat chips aamma mamakujuit amigaatigilerpaat.;userartoqqajaagaluarpaat;galuar;subj_col;137813;5.139290187;experimental;grammatical;grammatical;1906;3.280122896;273010;5.436178555;34;1.531478917;7;0;0.0000000000;6;8;10;5;na;na;na;na;0;32;37;29;33;24;31;38;47;2;4;4;2;na;95;100;157;161;87;94;101;110
84;qqajaa;imaluunniit;silaaruppoq;mister forstanden;Niviaaluk har fart på da hun kom hjem efter at have været ude.;På vej ind i køkkenet er hun ved at besvime og falde.;Hun ved ikke om det er fordi hun er sulten eller tørstig.;Niviaaluk aneereerluni iserami tuaviortupilussuuvoq.;Igaffimmut isilerluni silaaruteqqajaagunarluni orlungajapoq.;Naluaa perlilernini imaluunniit imerusunnini peqqutaasoq.;silaaruteqqajaagunarluni;gunar;epistemicity;10660;4.027757205;experimental;grammatical;grammatical;1906;3.280122896;57403;4.75893459;610;2.785329835;30;0;0.0000000000;6;9;9;11;na;na;na;na;0;32;37;21;31;23;31;38;46;2;4;4;4;na;84;89;133;143;75;83;90;98
85;qqajaa;siunnersuut;eqqarsarpoq;overvejer;Søren har brug for at motionere da han er ved at blive gammel.;Om aftenen begynder han at tænke om han skal starte til sport.;Han husker rådet om at gå til arbejde kan være sundt.;Suulut utoqqalilerami aalasarnissani pisariaqartippaa.;Unnukkut eqqarsaqqajaasarpoq immaqa timersortalissalluni.;Eqqaavaa siunnersuut suliffimmut pisuttarneq peqqinnarsinnaasoq.;eqqarsaqqajaasarpoq;tar;modification;706581;5.849161955;experimental;grammatical;lexical;1906;3.280122896;78349;4.894033458;44762;4.650909483;47366;30;0.0006333657;6;7;6;11;na;na;na;na;0;17;22;10;20;10;16;23;28;2;3;2;4;object;71;76;121;131;64;70;77;82
86;qqajaa;imaluunniit;nalliuppoq;har fødselsdag;Kirsten kan godt lide at strikke i hverdagen.;Hun tænker at lave en hue til sin ven som måske har snart fødselsdag.;Men hun ved ikke om farven skal være grøn eller blå.;Kirsten ulluinnarni qilattaaneq nuannaraa.;Kammalaatini nalliuteqqajaannguatsiarmat eqqarsarpoq nasamik sanaatissallugu.;Kisianni naluaa qalipaataa qorsuussanersoq imaluunniit tungujortuussanersoq.;nalliuteqqajaannguatsiarmat;nnguatsiar;epistemicity;2116;3.325515663;experimental;grammatical;grammatical;1906;3.280122896;57403;4.75893459;721;2.857935265;173;8;0.0462427746;6;8;13;11;na;na;na;na;0;22;27;44;54;14;21;28;40;2;4;5;4;na;64;69;163;173;56;63;70;82
87;qqajaa;matu;qungujuppoq;smiler;Et vennepar er endelig sammen efter at havde ikke set hinanden i lang tid.;De er meget glade og griner meget og drikker kaffe sammen.;Pludselig banker nogen på døren og det viser sig det er deres ven.;Qangali kammagiit takunikuullutik kiisami ilagiipput.;Nuannaarlutik qungujoqqajaaqalutik kaffisoqatigiipput.;Illaqattaartut matu kasuttorpoq, sunaaffa kammalaataat alla.;qungujoqqajaaqalutik;qi;subj_col;99404;4.997403861;experimental;grammatical;lexical;1906;3.280122896;19025;4.279324665;3197;3.504742636;356;29;0.0814606742;6;7;7;4;na;na;na;na;0;22;27;16;19;15;21;28;34;2;3;3;2;subject;75;80;123;126;68;74;81;87
88;qqajaa;pisortaq;anersaaruluppoq;sukker;Suulut har ikke fået nok søvn i nat og han er meget træt.;Man kan mærke han er træt og sukker meget til mødet.;Men chefen er først lige startet med at fremlægge.;Suulut unnuaq sinippiarsimanngilaq assullu qasuvoq.;Ataatsimiittuni qasulluni anersaaruloqqajaaqisoq malunnarpoq.;Kisianni pisortaq aatsaat saqqummiilluni aallarteqqammerpoq.;anersaaruloqqajaaqisoq;qi;subj_col;99404;4.997403861;experimental;grammatical;lexical;1906;3.280122896;59648;4.775595886;497;2.696356389;29;4;0.1379310345;6;11;5;8;Har Suulut sovet godt i nat?;Suulut unnuaq sinilluarsimava?;0;m;0;38;43;10;17;27;37;44;48;2;5;2;3;subject;89;94;122;129;78;88;95;99
89;qqajaa;nuna;katataavoq;sakker bagud;Der er godt vejr og Jens og faren tager ud på hundeslæde.;Jens står af, men da han sakker bagud sætter han sig op igen.;Der er meget sne da det har sneet i nat.;Silageqaaq Jensi ataatanilu qimusserlutik aallarput;Jensi qamutinit niuvoq, katataaqqajaannguatsiarluni qamutinut ikeqqiinnarpoq.;Unnuaq nittaassimammat nuna assut apisimaqaaq.;katataaqqajaannguatsiarluni;nnguatsiar;epistemicity;2116;3.325515663;experimental;grammatical;lexical;1906;3.280122896;253544;5.404053338;204;2.309630167;204;2;0.0098039216;6;7;14;4;na;na;na;na;0;32;37;24;27;25;31;38;51;2;3;6;2;subject;83;88;152;155;76;82;89;102
90;qqajaa;naak;arajutsivaa;bemærker det ikke;Nogle steder i Danmark kan der være slanger.;Man kan nemt ikke bemærke en slange da farven falder sammen med jorden.;Slanger kan være farlige selvom de er små i størrelsen.;Danmarkimi pulateriaarsoqarsinnaasarpoq.;Pulateriaarsuit arajutseqqajaanarput qalipaataa nunamut ilassuuttarami.;Pulateriaarsuuit naak mikigaluartut navianarsinnaasasarput.;arajutseqqajaanarput;nar;potentiality;349691;5.543684455;experimental;grammatical;grammatical;1906;3.280122896;11871;4.074487305;1175;3.070037867;19;4;0.2105263158;6;8;6;4;na;na;na;na;0;25;30;18;21;17;24;31;36;2;4;2;1;na;65;70;129;132;57;64;71;76
91;nikuu;pisortaq;misissorpaa;undersøger det;Arbejdspladsens IT-afdeling har problemer.;Ivalo har kigget på sagen men kunne ikke gøre dette færdigt.;Nu vil chefen gerne have en forklaring på det.;Suliffeqarfiup IT-afdelinngia ajornartorsiorpoq.;Ivalop suliaq misissornikuusimavaa naammassisinnaanaguli.;Maanna suliffimmi pisortaq nassuiaammik tunineqarusuppoq.;misissornikuusimavaa;sima;time;603218;5.780474292;experimental;grammatical;lexical;13382;4.126521026;59648;4.775595886;56651;4.75320758;14485;12;0.0008284432;5;8;7;8;na;na;na;na;0;23;27;19;26;15;22;28;34;2;3;3;3;subject;71;75;124;131;63;70;76;82
92;nikuu;pisortaq;sanaartorpaa;bygger noget;I løbet af det sidste måneder er der sket meget i nyhederne.;Den nye skole i Nuuk er ellers blevet bygget men det er stadig ikke sat i brug.;Den nye chef er startet på KNR.;Qaammatini kingullerni nutaarsiassatigut pisoqalaavissorpoq.;Nuummi atuarfittaassaq sanaartornikuugaluarpaat kisianni suli atuutsinneqanngilaq.;KNR-mi pisortaq nutaaq sulilerpoq.;sanaartornikuugaluarpaat;galuar;subj_col;137813;5.139290187;experimental;grammatical;lexical;13382;4.126521026;59648;4.775595886;15541;4.19147896;12898;1;0.0000775314;5;9;10;8;na;na;na;na;0;33;37;8;15;24;32;38;47;2;3;4;3;subject;93;97;150;157;84;92;98;107
93;nikuu;angajoqqaaq;appisaluuppaa;skælder ham ud;Mor har grebet en teenager der var i gang med at smide  sne på vinduet på fersk gerning.;Hun siger at hun også har skældt ham ud sidste gang.;Bagefter havde hun meldt det til den ansvarlige forælder.;Anaanap inuusuttuarakasik apummik igalaanut milloortoq takusimanerarpaa.;Kingullermik aamma appisaluunnikuusimavaa nilliaannaq.;Taassumalu kingorna angajoqqaaq akisussaasoq nalunaarfigalugu.;appisaluunnikuusimavaa;sima;time;603218;5.780474292;experimental;grammatical;lexical;13382;4.126521026;15638;4.194181209;255;2.40654018;37;0;0.0000000000;5;10;7;11;na;na;na;na;0;30;34;21;31;20;29;35;41;2;4;3;4;object;102;106;147;157;92;101;107;113
94;nikuu;nuna;assoroorpoq;anstrenger sig;Jens er kommet tilbage efter rensdyrjagt.;Han havde knoklet for meget i går og er blevet meget træt.;Og han var meget træt da han rejse væk fra jagststedet.;Jens aavareerluni tikissimavoq.;Ippassaammat assoroornikuusimavoq imminut qasutilluni.;Qasoqalunilu nuna qimappaa.;assoroornikuusimavoq;sima;time;603218;5.780474292;experimental;grammatical;lexical;13382;4.126521026;253544;5.404053338;318;2.50242712;260;0;0.0000000000;5;8;7;4;Er Jens meget træt?;Jens assut qasua?;1;z;0;22;26;14;17;14;21;27;33;2;3;3;2;object;53;57;99;102;45;52;58;64
95;nikuu;matu;anorersuarpoq;det stormer;Der har været dårligt vejr i Ilulissat de sidste par dage.;Da der har været stormvejr, er Peter gået ned for at se til sin båd.;Heldigvis har hans båd ikke taget skade, fordi døren er lukket ordentligt.;Ilulissani ullut tulleriit sila ajoqattaarpoq.;Piitap umiatsiani anorersuarnikuusimammat alakkarpaa.;Umiatsiaa ajoqusersimanngilaq matu matulluarsimammat.;anorersuarnikuusimammat;sima;time;603218;5.780474292;experimental;grammatical;lexical;13382;4.126521026;19025;4.279324665;1574;3.197004728;2238;0;0.0000000000;5;10;8;4;na;na;na;na;0;29;33;31;34;19;28;34;41;2;5;3;2;object;75;79;130;133;65;74;80;87
96;nikuu;taamaallaat;siallerpoq;det regner;Jørgen er idrætsmand. ;Selvom det har regnet udenfor, plejer han at løbe.;Han løber kun når det er sommer.;Joorut timersortartuuvoq.;Sila siallernikuugaluaraangat arpattarpoq.;Aasakkut taamaallaat arpattarpoq.;siallernikuugaluaraangat;galuar;subj_col;137813;5.139290187;experimental;grammatical;grammatical;13382;4.126521026;13940;4.144262774;1401;3.146438135;1201;5;0.0041631973;5;7;12;11;na;na;na;na;0;13;17;10;20;6;12;18;29;2;3;5;3;na;38;42;77;87;31;37;43;54
97;nikuu;tipi;timersorpoq;dyrker sport;Lars’ bror Jakob, som er 10 år, er lige kommet hjem.;Det ser ud til, at Jakob er træt, da han vist har været til idræt.;Lars kan ikke lade være med at bemærke en dårlig lugt, da Jakobs tøj lugter.;Larsip nukaa Jaaku qulinik ukiulik angerlamut iserpoq.;Jaaku timersornikuugunarami qasorpasippoq.;Larsip tipi naammaannaleqaavaa Jaakup atisai tipeqarmata.;timersornikuugunarami;gunar;epistemicity;10660;4.027757205;experimental;grammatical;lexical;13382;4.126521026;2215;3.345373731;7758;3.889749775;7132;0;0.0000000000;5;8;8;4;na;na;na;na;0;15;19;8;11;7;14;20;27;2;3;4;2;object;69;73;104;107;61;68;74;81
98;nikuu;angut;aalajangerpoq;beslutter sig til at;Jørgine er socialrådgiver på et børnehjem.;Jørgine har ellers besluttet sig at først sige op næste år.;Men da hendes mandlige kollega sagde op i går, besluttede hun sig for at stoppe med det samme.;Jørgine isumaginninnermut siunnersorti meeqqat angerlarsimaffiani sulisuuvoq.;Jørgine aalajangernikuugaluarpoq ukiup tulliani aatsaat soraassalluni.;Suleqataa angut ippassaammat soraarmat nammineq soraassalluni aalajangerpoq.;aalajangernikuugaluarpoq;galuar;subj_col;137813;5.139290187;experimental;grammatical;lexical;13382;4.126521026;43347;4.636959046;137960;5.139753186;97241;122;0.0012546148;5;10;9;5;Vil Jørgine gerne arbejde indtil næste år?;Jørgine ukiup tullianut suliinnarusuppa?;0;m;0;19;23;11;15;9;18;24;32;2;4;4;2;subject;96;100;158;162;86;95;101;109
99;nikuu;massa;pisuttuarpoq;er ude at gå tur;Jakobine er en stærk kvinde.;I dag er Jakobine lidt træt, fordi hun har gået en lang tur.;Selvom Jakobine er lidt træt, er hun i rigtig godt humør.;Jakobine arnaavoq nukittooq.;Ullumikkut Jakobine pisuttuarnikuusimagami qasulaarpoq.;Jakobine massa qasulaaraluarluni inuummareqaaq.;pisuttuarnikuusimagami;sima;time;603218;5.780474292;experimental;grammatical;grammatical;13382;4.126521026;2571;3.410102077;1053;3.022428371;908;0;0.0000000000;5;9;8;5;na;na;na;na;0;30;34;10;14;21;29;35;42;2;4;4;2;na;58;62;93;97;49;57;63;70
100;nikuu;siunnersuut;atorfeqarpoq;er ansat;Poul er en holden mand i sine gamle dage.;Han var læge i sine unge dage, men er nu på pension.;Han har fulgt rådet med at samle godt med pensionsopsparing til følge.;Poul utoqqaligami aningaasanik amigaateqanngeqaaq.;Inuusukkallarami nakorsatut atorfeqarnikuusimavoq maanna utoqqalinersiaqarluni.;Utoqqalinersiutissanik katersinissamut siunnersuut malissimavaa.;atorfeqarnikuusimavoq;sima;time;603218;5.780474292;experimental;grammatical;lexical;13382;4.126521026;78349;4.894033458;4260;3.629409599;3840;33;0.0085937500;5;9;7;11;na;na;na;na;0;38;42;40;50;29;37;43;49;2;4;3;4;object;88;92;169;179;79;87;93;99
101;jumaar;matu;ilinniarpoq;studerer;Det er ved at blive aften og der er allerede mørkt.;Niklas skulle ellers studere efter arbejde men han er for træt.;Da han åbner døren til sin lejlighed smider han sin jakke.;Unnukkiartorpoq silalu taarsereerpoq.;Niklas soraaruni ilinniarumaaraluarami kisianni qasuallaarpoq.;Iniminut matu ammaramiuk kavaajani peerpaa.;ilinniarumaaraluarami;galuar;subj_col;137813;5.139290187;experimental;grammatical;lexical;30947;4.490618555;19025;4.279324665;110520;5.043440876;91552;9;0.0000983048;4;8;9;4;na;na;na;na;0;26;29;10;13;18;25;30;38;2;4;5;2;object;63;66;109;112;55;62;67;75
102;jumaar;massa;oqarfigaa;siger noget;Det er fredag og Louise er lidt trist.;Louise skulle ellers sige til sin far at hun skulle ud men det glemte hun.;Selvom faren skældte hende ud sidste gang hun gjorde det.;Tallimanngorneruvoq Louiselu nikallungakujuppoq.;Louisep ataatani anissalluni oqarfigiumaaraluaramiuk kisianni puujorpaa.;Ataataata massa kingullermi taamaasigami naveeraani.;oqarfigiumaaraluaramiuk;galuar;subj_col;137813;5.139290187;experimental;grammatical;grammatical;30947;4.490618555;2571;3.410102077;17790;4.250175948;4635;52;0.0112189860;5;8;10;5;Er det lørdag i dag?;Ullumi arfininngornerua?;0;m;0;38;42;11;15;30;37;43;52;2;4;6;2;na;86;90;131;135;78;85;91;100
103;jumaar;taamaallaat;nivingavoq;hænger;Aataa leder efter noget rensdyrkød til salg.;Han planlægger at kigge på opslagstavlen, for han tror at det er sikkert der, der hænger opslag om tilbud.;Og han fandt ud af at det efterhånden koster kun 30 kr pr kg.;Aataa tuttunik tuniniakkanik ujarlerpoq.;Allagarsiivimmi neqeroorutit nivingajumaarunarmata alakkarterpai.;Paasivaalu kiilumut taamaallaat 30 kr-eqalersimasut.;nivingajumaarunarmata;gunar;epistemicity;10660;4.027757205;experimental;grammatical;grammatical;30947;4.490618555;13940;4.144262774;580;2.763427994;943;0;0.0000000000;5;7;9;11;na;na;na;na;0;37;41;21;31;30;36;42;50;2;3;4;3;na;77;81;126;136;70;76;82;90
104;jumaar;aamma;iluaqutaavoq;er nyttig;Ataata køber et par sko på tilbud.;Han ved at det bliver gode til vinteren når det bliver koldt.;Han ved også at Naja meget gerne vil have dem.;Ataatap kamiit akikillisat pisiarai.;Ukiulerpat nillertilluni iluaqutaajumaarunarmata iluatigai.;Nalunnginnamiuk aamma Najap pilerigai.;iluaqutaajumaarunarmata;gunar;epistemicity;10660;4.027757205;experimental;grammatical;grammatical;30947;4.490618555;273010;5.436178555;10969;4.040167036;10969;131;0.0119427477;5;9;9;5;na;na;na;na;0;35;39;17;21;26;34;40;48;2;5;4;2;na;71;75;112;116;62;70;76;84
105;jumaar;aamma;ingerlavoq;går;Jens skal rejse denne morgen og far er bekymret for om han vågner til tiden.;Men mor er sikker på om han mon tager afsted til tiden.;Hun ved også at han har et vækkeur.;Jensi ullaakkut aallariartortussaammat ataatap ernummatigaa itersimassanersoq.;Piffissamulli ingerlajumaanersoq anaanap qularinngilaa.;Nalunnginnamiuk aamma itersaateqartoq.;ingerlajumaanersoq;ner;subj_col;354480;5.549591737;experimental;grammatical;grammatical;30947;4.490618555;273010;5.436178555;62169;4.793573882;166668;175;0.0010499916;5;7;6;5;Er mor bekymret for Jens og co.?;Anaanap Jensikkut ernumagivai?;0;m;0;22;26;17;21;15;21;27;32;2;3;2;2;na;100;104;150;154;93;99;105;110
106;jumaar;angajoqqaaq;atuakkiorpoq;skriver en bog;Jaaku er yderst dygtig til sprog og skrivning.;I år han han besluttet at han nok skal skrive en bog om opdragelse.;Hans bog handler om hvordan forældrene tager ansvar.;Jaaku oqaatsinut allannermullu pikkorissorujussuuvoq.;Ukioq manna perorsaaneq pillugu atuakkiorumaassalluni aalajangernikuuvoq.;Atuakkiaa angajoqqaat akisussaaffimmik tigusinissaannut tunngaveqarpoq.;atuakkiorumaassalluni;ssa;time;751538;5.875950945;experimental;grammatical;lexical;30947;4.490618555;15638;4.194181209;3208;3.50623436;3338;0;0.0000000000;4;9;8;11;na;na;na;na;0;42;45;11;21;33;41;46;53;2;5;3;4;subject;95;98;137;147;86;94;99;106
107;jumaar;massa;iluaqutaavoq;er gavnlig;Byen Nuuk forsætter med at vokse.;Det forventes, at byens vækst kan bidrage til landets økonomi.;Befolkningstallet stiger, selvom der er boligmangel.;Illoqarfik Nuuk alliartuinnavippoq.;Alliartornera aningaasaqarnermut iluaqutaajumaarsinnaasoq ilimagineqarpoq.;Inuttai amerliartuinnavipput massa inissaaleqisoqartoq.;iluaqutaajumaarsinnaasoq;sinnaa;potentiality;419822;5.623065193;experimental;grammatical;grammatical;30947;4.490618555;2571;3.410102077;10969;4.040167036;10969;125;0.0113957517;6;9;9;5;na;na;na;na;0;43;48;30;34;34;42;49;57;2;5;3;2;na;78;83;139;143;69;77;84;92
108;jumaar;tipi;qaangiuppoq;går over;Kloakrøret i Jakobines wc er begyndt at lugte.;Selvom hun synes det lugter, lader hun det være, da hun tænker at det nok skal gå over.;Men desværre forsvinder lugten ikke.;Jakobinep wc-ani kuuffik tippassimavoq.;Tipigigaluarlugu qaangiukkumaassammat unitsiinnarpaa.;Ajornaluartumilli tipi tammangilaq.;qaangiukkumaassammat;ssa;time;751538;5.875950945;experimental;grammatical;lexical;30947;4.490618555;2215;3.345373731;14607;4.164561029;601;29;0.0482529118;5;8;7;4;Forsvinder lugten i wc’et?;Anartarfimmi tipi qaangiuppa?;0;m;0;26;30;19;22;18;25;31;37;2;3;2;2;subject;65;69;111;114;57;64;70;76
109;jumaar;tipi;ingerlavoq;går;I dag er hospitalet fyldt med patienter.;Man ved ikke hvornår de vil gå, så der kan blive gjort rent.;Lugten af mennesker er kraftig.;Ullumikkut napparsimavik nakorsiartunik ulikkaarpoq.;Nalunarpoq qaqugu ingerlajumaarnersut eqqiaasoqarniassammat.;Inussunnik tipi sakkortuvoq.;ingerlajumaarnersut;ner;subj_col;354480;5.549591737;experimental;grammatical;lexical;30947;4.490618555;2215;3.345373731;63801;4.804827486;166668;117;0.0007019944;6;7;6;4;na;na;na;na;0;26;31;12;15;19;25;32;37;2;3;2;2;subject;78;83;124;127;71;77;84;89
110;jumaar;siunnersuut;oqariartorpoq;går hen for at give besked;Poul er utilfreds med situationen.;Det er spændende om han kommer med et forslag til ledelsen.;Men da Poul bliver træt af at udarbejde forslaget, opgiver han det.;Pouli pissutsinut naammatsilluinnarpoq.;Aqutsisunut siunnersuuteqarluni oqariartorumaarnersoq pissanganarpoq.;Poulip siunnersuut suliarikatalerlugu unitsiinnarpaa.;oqariartorumaarnersoq;ner;subj_col;354480;5.549591737;experimental;grammatical;lexical;30947;4.490618555;78349;4.894033458;683;2.834420704;683;1;0.0014641288;5;10;6;11;na;na;na;na;0;43;47;8;18;33;42;48;53;2;5;2;4;object;82;86;116;126;72;81;87;92
111;qqammer;tipi;kaagiliorpoq;bager kage;Sofia er ankommet hjem efter skole.;Det viser sig at mor har lavet æblekage og er nu i gang med at lave te.;Sofia kan genkende duften for hun kan virkelig godt lide det.;Sofia atuareerluni angerlamut apuuppoq.;Sunaaffa anaanaa iipili kaagilioqqammersimalluni tiiliortoq.;Sofiap tipi ilisaraa namminermi assut mamarigamiuk.;kaagilioqqammersimalluni;sima;time;603218;5.780474292;experimental;grammatical;lexical;4878;3.688241796;2215;3.345373731;109;2.037426498;210;0;0.0000000000;7;8;9;4;na;na;na;na;0;33;39;8;11;25;32;40;48;2;4;4;2;object;72;78;107;110;64;71;79;87
112;qqammer;taava;filmeriarpoq;går i biografen;Det er koldt udenfor.;Nuka og angajulu (et søskendepar af samme køn) er på vej hjem efter at havde været i biografen her i aften.;De tager bussen hjem og går op ad bakken hjem.;Sila assut qiianarpoq.;Nuka angajulu unnummut filmeriaqqammersimallutik angerlarput.;Angerlamut busserput taava qaqqannguakkoorlutik apuupput.;filmeriaqqammersimallutik;sima;time;603218;5.780474292;experimental;grammatical;grammatical;4878;3.688241796;44650;4.649821463;88;1.944482672;125;0;0.0000000000;7;8;10;5;na;na;na;na;0;32;38;22;26;24;31;39;48;2;4;4;2;na;54;60;105;109;46;53;61;70
113;qqammer;siunnersuut;oqallisigaa;taler om det;Arbejderne vil gerne gøre arbejdsdagen kortere.;Man har for nyligt diskuteret antal arbejdstimer og behandlingen er startet.;Regeringen vedtog ikke forslaget.;Sulisartut ullormut akunnerit ikilisikkusuppaat.;Ullormut akunnerit suliffiit oqallisigeqqammerneqarput suliarlu ingerlalerpoq.;Naalakkersuisut siunnersuut akuerinngilaat.;oqallisigeqqammerneqarput;neqar;relation_shifters;1061771;6.026030859;experimental;grammatical;lexical;4878;3.688241796;78349;4.894033458;5108;3.708250889;144;1;0.0069444444;7;10;8;11;na;na;na;na;0;40;46;17;27;30;39;47;54;2;5;3;4;object;88;94;143;153;78;87;95;102
114;qqammer;kisianni;pilersippaa;iværksætter det;Julia er lige blevet selvstændigt erhvervsdrivende.;Hun har ellers lige åbnet sin virksomhed sidste måned.;Hun kan godt lide det, men hun er desværre blevet syg.;Julia namminersortunngorsimavoq.;Suliffeqarfik pilerseqqammeraluarpaa qaammat kingulleq.;Nuannaraagooq kisianni napparsimalersimavoq.;pilerseqqammeraluarpaa;galuar;subj_col;137813;5.139290187;experimental;grammatical;grammatical;4878;3.688241796;41817;4.621352873;27181;4.434265431;272;7;0.0257352941;6;7;9;8;na;na;na;na;0;22;27;15;22;15;21;28;36;2;3;4;4;na;54;59;102;109;47;53;60;68
115;qqammer;matu;qinersivoq;vælger nogen;Sidste sommer var der ellers valg til kommunalbestyrelserne.;Men borgerne er blevet utilfredse allerede, selvom de lige har stemt.;Borgmesteren holder døren åben til et nyt valg.;Ukioq kingulleq kommunemut qinersisoqarpoq.;Taamaattorli innuttaasut qinerseqqammeraluarlutik naammaginnigunnaarput.;Borgmesterinngooq qinerseqqinissamut matu ammatippaa.;qinerseqqammeraluarlutik;galuar;subj_col;137813;5.139290187;experimental;grammatical;lexical;4878;3.688241796;19025;4.279324665;27535;4.439885081;792;9;0.0113636364;6;7;11;4;Var der valg i år?;Ukioq manna qinersisoqarpa?;0;m;0;33;38;38;41;26;32;39;49;2;3;5;2;object;76;81;153;156;69;75;82;92
116;qqammer;aamma;qimaguppoq;går bort;Aima vil gerne have en hamster.;Men da hendes hund døde for ikke så lang tid siden vil mor gerne vente lidt med at give hende en hund.;Hun synes også at Aima ikke er helt klar.;Aima hamsteriutitaarusuppoq.;Qimmiutaali qimaguteqqammernikuummat anaana utaqqilaarusuppoq.;Aima piareersimanngitsoq aamma isumaqarami.;qimaguteqqammernikuummat;nikuu;time;13382;4.126521026;experimental;grammatical;grammatical;4878;3.688241796;273010;5.436178555;701;2.845718018;235;2;0.0085106383;7;8;9;5;na;na;na;na;0;21;27;26;30;13;20;28;36;2;4;3;2;na;49;55;116;120;41;48;56;64
117;qqammer;taava;inuuissiorpoq;har fødselsdag;Ilik vil gerne have et nyt kurebrædt.;Men da han lige har haft fødselsdag sidste måned vil hans far ikke give ham det.;Og siger at han skal vente til julen.;Ilik kurebrætimik nutaamik pisaarusuppoq.;Qaammat kingulleq inuuissioqqammersimammat ataatap pitseqqikkusunngikkallarpaa.;Juullernissaanunngooq taava utaqqeqquaa.;inuuissioqqammersimammat;sima;time;603218;5.780474292;experimental;grammatical;grammatical;4878;3.688241796;44650;4.649821463;546;2.737192643;530;1;0.0018867925;7;9;8;5;na;na;na;na;0;28;34;23;27;19;27;35;42;2;5;3;2;na;69;75;143;147;60;68;76;83
118;qqammer;imaluunniit;ingerlavoq;går;Det er morgen og Lisa tager bussen til skolen.;Da hun kom ud af huset ser hun bussen var lige kørt.;Nu skal hun gå eller cykle til skolen.;Ullaajuvoq Lisalu atuariartorniarluni busserialerpoq.;Illumiit anigami bussit ingerlaqqammersimasut takuai.;Maanna atuarfimmut pisussaaq imaluunniit cykkilissaaq.;ingerlaqqammersimasut;sima;time;603218;5.780474292;experimental;grammatical;grammatical;4878;3.688241796;57403;4.75893459;63801;4.804827486;166668;2;0.0000119999;7;7;7;11;na;na;na;na;0;32;38;30;40;25;31;39;45;2;3;3;4;na;85;91;136;146;78;84;92;98
119;qqammer;uffa;ilannguppoq;har tilsluttet sig;Karl har været inde og se det fodboldhold som han vil starte på.;Fordi han for nyligt er blevet medlem af fodboldholdet er han glad.;Han glæder sig til at starte selvom han ved det bliver anstrengende.;Kaalip arsartartut isiginnaariarnikuuai aallartikkusukkami.;Arsartartunut ilannguteqqammersimagami nuannaarpoq.;Arsartalernissaminut qilanaarpoq uffa nalunagu tamaviaartussaalluni.;ilannguteqqammersimagami;sima;time;603218;5.780474292;experimental;grammatical;grammatical;4878;3.688241796;2225;3.347330015;40385;4.606220087;315;4;0.0126984127;7;9;8;4;na;na;na;na;0;24;30;34;37;15;23;31;38;2;4;4;2;na;83;89;144;147;74;82;90;97
120;qqammer;massa;qinigaavoq;er valgt;Der har været valg i Kommuneqarfik Sermersooq.;Den 46 årige Ole er netop blevet valgt som bestyrelsesmedlem.;Selvom han ikke tog valgkampen alvorligt.;Kommuneqarfik Sermersuumi qinersisoqarpoq.;Ole 46-inik ukiulik qinigaaqqammersimavoq siulersuisuni ilaasortatut.;Qineqqusaarami massa pimooruppallaarsimanngikkaluarlugu.;qinigaaqqammersimavoq;sima;time;603218;5.780474292;experimental;grammatical;grammatical;4878;3.688241796;2571;3.410102077;6179;3.790918195;6179;39;0.0063117009;7;7;7;5;na;na;na;na;0;28;34;16;20;21;27;35;41;2;3;3;2;na;70;76;127;131;63;69;77;83
121;nngor;angut;nakorsaq;læge;Hans er 69 år og har arbejdet i mange år som fisker.;Hans datter er lige blevet læge og har fået arbejde i Nuuk.;Hans kender en mand som hedder Simon som også arbejder på hospitalet.;Hans 69-nik ukioqarpoq ukiorpassuillu aalisartuusimalluni.;Hansip pania nakorsanngoqqammerpoq Nuummilu atorfinissimalluni.;Hansi aamma napparsimavimmi angut Simonimik atilik nalunngisarivaa.;nakorsanngoqqammerpoq;qqammer;time;4878;3.688241796;experimental;grammatical;lexical;223179;5.348653327;43347;4.636959046;13394;4.126910295;18492;129;0.0069759896;4;7;10;5;na;na;na;na;1;21;24;29;33;14;20;25;34;1;3;3;2;object;79;82;150;154;72;78;83;92
122;nngor;kisianni;arsaattartoq;fodboldspiller;Hans er 10 år og går  i 5. klasse.;Hans vil gerne blive til fodboldspiller når han bliver stor for han er glad for at spille fodbold.;Han vil gerne spille fordbold på skolen, men det kan han ikke fordi han har skadet sit knæ.;Hans qulinik ukioqarpoq 5.klassemilu atuartuulluni.;Hans alliguni arsaattartunngorniarpoq arsarneq nuannarigamiuk.;Atuarfimmi arsarusukkaluarpoq kisianni arsarsinnaanngilaq seeqquni ajoquseramiuk.;arsaattartunngorniarpoq;niar;time;301624;5.479465895;experimental;grammatical;grammatical;223179;5.348653327;41817;4.621352873;1949;3.289811839;1419;9;0.0063424947;5;11;7;8;na;na;na;na;1;26;30;31;38;15;25;31;37;1;3;3;4;na;77;81;144;151;66;76;82;88
123;nngor;angut;nujalerisoq;frisør;Louise er tyve år gammel og bor i Nuuk.;Louise er lige blevet frisør og har fået et arbejde i en frisørsalon.;Den første dag klipper hun en langhåret mand.;Louise tyvenik ukioqarpoq Nuummilu najugaqarluni.;Louise nujalerisunngoqqammerpoq nujaleriffimmilu atorfinilluni.;Ulloq siulleq angut nujakkaaq killorpaa.;nujalerisunngoqqammerpoq;qqammer;time;4878;3.688241796;experimental;grammatical;lexical;223179;5.348653327;43347;4.636959046;82;1.913813852;96;3;0.0312500000;4;10;10;5;na;na;na;na;1;18;21;15;19;8;17;22;31;1;5;3;2;object;67;70;127;131;57;66;71;80
124;nngor;naak;angajoqqaaq;forælder;Min ven Ole fik en datter med sin kæreste i november.;Parret Ole og Lone har holdt jul som nybagte forældre.;Deres hele familie var kommet på besøg selvom deres lejlighed er ikke stor.;Kammalaatiga Ole novemberimi aappanilu panissaarput.;Aappariit Ole Lonelu angajoqqaanngorsimallutik juullisiorsimapput.;Olekkut ilaqutai tamarmik pulaarsimapput naak iniat anginngikkaluartoq.;angajoqqaanngorsimallutik;sima;time;603218;5.780474292;experimental;grammatical;grammatical;223179;5.348653327;11871;4.074487305;15638;4.194181209;16442;364;0.0221384260;5;10;10;4;na;na;na;na;1;32;36;42;45;22;31;37;46;1;4;4;1;na;84;88;160;163;74;83;89;98
125;nngor;aamma;aamaannaavoq;gløder;Oldemor har tabt sin kniv med træskaft på bålet.;Den er blevet brændt så der kun er gløder tilbage.;Hun blev meget ærgerlig og blev sur på sig selv.;Aanaqqiip savik qisummik ipulik killunut nakkaasimavaa.;Savik aamaannanngorsimalluni ikuallassimavoq.;Assut ugguarpoq aamma imminut kamaalluni.;aamaannanngorsimalluni;sima;time;603218;5.780474292;experimental;grammatical;grammatical;223179;5.348653327;273010;5.436178555;34;1.531478917;34;7;0.2058823529;5;8;9;5;na;na;na;na;1;15;19;17;21;7;14;20;28;1;3;4;2;na;70;74;117;121;62;69;75;83
126;nngor;taava;aappaluttoq;rød;Jakob kører bil, og lyskrydset er grøn.;Trafiklyset var blevet rødt mens han kiggede væk.;Så han bremsede hurtigt.;Jaaku biilerpoq ikaartarfimmi qulleq qorsuuvoq.;Qulleq aappaluttunngorsimavoq alaqqanerani.;Jaaku taava bremsipallappoq.;aappaluttunngorsimavoq;sima;time;603218;5.780474292;experimental;grammatical;grammatical;223179;5.348653327;44650;4.649821463;1982;3.29710365;1548;24;0.0155038760;5;10;7;5;Er trafiklyset rødt?;Qulleq aappaluttunngorsimava?;1;z;1;18;22;7;11;8;17;23;29;1;4;3;2;na;65;69;97;101;55;64;70;76
127;nngor;naak;savaatilik;fåreholder;Sofus har altid ville gerne arbejde som fåreholder.;Nu studerer han til fåreholder og det er han meget glad for.;Han er glad for sit arbejde selvom det er tungt.;Sofus savaatilittut sulerusuttuaannarnikuuvoq.;Maanna Sofusi savaatilinngorniarpoq assullu nuannareqaa.;Suliani nuannarai naak artornaraluartut.;savaatilinngorniarpoq;niar;time;301624;5.479465895;experimental;grammatical;grammatical;223179;5.348653327;11871;4.074487305;642;2.807535028;372;41;0.1102150538;5;9;7;4;na;na;na;na;1;24;28;19;22;15;23;29;35;1;4;3;1;na;70;74;121;124;61;69;75;81
128;nngor;kisianni;meeqqerisoq;pædagog;Anike elsker sit arbejde.;Hun blev pædagog i sommers og havde fået et job.;Hun er stolt af det men synes det er meget krævende arbejde.;Anikep suliffini assut nuannaraa.;Ukiaq meeqqerisunngoqqammerpoq suliffittaarsimavorlu.;Tulluusimaarutigivaa kisianni qasunarivaa.;meeqqerisunngoqqammerpoq;qqammer;time;4878;3.688241796;experimental;grammatical;grammatical;223179;5.348653327;41817;4.621352873;108;2.033423755;108;2;0.0185185185;4;10;10;8;na;na;na;na;1;17;20;22;29;7;16;21;30;1;4;3;4;na;50;53;108;115;40;49;54;63
129;nngor;kisianni;angajoq;storesøster;Atina er fem år.;Hun blev storesøster for første gang i sommers.;Hun er rigtig stolt af det men bliver også lidt jaloux nogle gange.;Atina tallimanik ukioqarpoq.;Aasaq angajunngorsimavoq siullerpaamik.;Tanngannareqaa kisianni sinngalaartarpoq.;angajunngorsimavoq;sima;time;603218;5.780474292;experimental;grammatical;grammatical;223179;5.348653327;41817;4.621352873;66;1.819543936;3531;3;0.0008496177;5;6;7;8;na;na;na;na;1;13;17;16;23;7;12;18;24;1;3;3;4;na;41;45;83;90;35;40;46;52
130;nngor;imaluunniit;tallimat;fem;Inneruulat er en nyoprettet gade.;Der er nu fem huse.;De er hvide eller røde.;Aqqusineq Inneruulat nutaajuvoq.;Illut tallimanngorsimapput sanileriit.;Qaqortuupput imaluunniit aappaluttuullutik.;tallimanngorsimapput;sima;time;603218;5.780474292;experimental;grammatical;grammatical;223179;5.348653327;57403;4.75893459;21374;4.329885805;23909;9151;0.3827429002;5;7;8;11;na;na;na;na;1;14;18;14;24;7;13;19;26;1;3;3;4;na;46;50;84;94;39;45;51;58
131;giig;pisortaq;kammalaat;ven;Johanne er spændt fordi hun skal starte på en ny arbejdsplads.;På arbejdspladsen er kollegaerne vist allesammen venner og kan godt lide at samarbejde.;Men chefen på arbejdspladsen er man ikke så glad for.;Johanne suliffimmi nutaami aallartilerami pissangavoq.;Suliffimmi suleqatai kammalaatigiikkunarput suleqatigiillutillu nuannaralugu.;Kisianni suliffimmi pisortaq nuannarineqarpallaanngilaq.;kammalaatigiikkunarput;gunar;epistemicity;10660;4.027757205;experimental;grammatical;lexical;215803;5.334057478;59648;4.775595886;1060;3.025305865;766;34;0.0443864230;4;10;8;8;na;na;na;na;1;32;35;21;28;22;31;36;43;1;4;3;3;object;86;89;152;159;76;85;90;97
132;giig;matu;atuaqat;skolekammerat;Lise og Lona tager hjem sammen efter skole.;De har været klassekammerater siden de var små og de er venner.;Da de kommer frem åbner Lises mor døren.;Lise Lonalu atuareerlutik marluullutik angerlarput.;Taakku mikisuullutilli atuaqatigiinnikuupput kammagiillutik.;Apuukkamik matu Lisep anaanaata ammarpaa.;atuaqatigiinnikuupput;nikuu;time;13382;4.126521026;experimental;grammatical;lexical;215803;5.334057478;19025;4.279324665;1711;3.23325001;1499;388;0.2588392262;4;8;9;4;Er Lise og Lona veninder?;Lise Lonalu kammagiippat?;1;z;1;32;35;12;15;24;31;36;44;1;5;3;2;object;83;86;123;126;75;82;87;95
133;giig;pisortaq;suleqat;kollega;Pia og Louise er venner.;De kender hinanden rigtig godt fordi de har været kollegaer i mange år.;De er også gode venner med chefen i deres arbejdsplads.;Pia aamma Louise kammagiipput.;Ukiorpassuit suleqatigiinnikuugamik nalunngisariilluarput.;Suliffimminni pisortaq aamma kammagilluarpaat.;suleqatigiinnikuugamik;nikuu;time;13382;4.126521026;experimental;grammatical;lexical;215803;5.334057478;59648;4.775595886;39132;4.592532045;29662;19196;0.6471579799;4;8;10;8;na;na;na;na;1;22;25;15;22;14;21;26;35;1;4;4;3;object;52;55;103;110;44;51;56;65
134;giig;massa;inooqat;samlever;Louises kæreste hedder Nikki.;Louise og Nikki har været samlevere og boet sammen i 2 år.;De er glade for deres hjem selvom det ellers er dyrt.;Louisep angutaataa Nikkimik ateqarpoq.;Louise Nikkilu ukiut marluk inooqatigiinnikuupput illoqatigiillutik.;Inertik nuannaraat massa akisugaluartoq.;inooqatigiinnikuupput;nikuu;time;13382;4.126521026;experimental;grammatical;grammatical;215803;5.334057478;2571;3.410102077;4165;3.619615006;2729;1567;0.5742030048;4;8;9;5;Har Louise og Nikki boet sammen i 3 år?;Louise Nikkilu ukiut pingasut inooqatigiinnikuuppat?;0;m;1;37;40;20;24;29;36;41;49;1;4;3;2;na;75;78;126;130;67;74;79;87
135;giig;uffa;nereqat;én man spiser med;Sofie og veninden har aftalt at se hinanden i dag.;I aften skal Sofie og hendes veninde spise suppe sammen.;Sofies veninde tager bussen selvom hun kan gå.;Sofie kammanilu isumaqatigiipput ullumi takussallutik.;Unnugu Sofie kammanilu nereqatigiissapput suppitorlutik.;Sofiep kammalaataa busserpoq uffa pisussinnaalluni.;nereqatigiissapput;ssa;time;751538;5.875950945;experimental;grammatical;grammatical;215803;5.334057478;2225;3.347330015;1231;3.090258053;1079;751;0.6960148285;3;8;7;4;na;na;na;na;1;32;34;30;33;24;31;35;41;1;4;2;2;na;86;88;140;143;78;85;89;95
136;giig;angajoqqaaq;nallioqat;én man har samme fødselsdag som;Amalies kusine hedder Rosa.;Amalie har samme fødselsdag med sin kusine og de er lige gamle.;De skal holde en fest når de har fødselsdag hvor forældre skal være med.;Amaliap illooraa Rosamik ateqarpoq.;Amaliap illooqqanilu nallioqatigiittarput peqaariillutillu.;Nalliukkunik qaaqqusissapput angajoqqaat peqataasut.;nallioqatigiittarput;tar;modification;706581;5.849161955;experimental;grammatical;lexical;215803;5.334057478;15638;4.194181209;1;0;1;0;0.0000000000;4;10;6;11;na;na;na;na;1;32;35;30;40;22;31;36;41;1;5;2;4;subject;67;70;124;134;57;66;71;76
137;giig;naak;ineqat;roomie;I Dorthes by er det dyrt at bo.;Dorthe og hendes ven har boet sammen fordi det er billigere.;Det er de glade for selvom de nogle gange bliver trætte af hinanden.;Dorthe illoqarfigisaani ineqarneq akisuvoq.;Dorthe kammanilu ineqatigiinnikuuput pissutigalugu akikinnerummat.;Tamanna iluarivaat naak imminnut qattuttaraluarlutik.;ineqatigiinnikuuput;nikuu;time;13382;4.126521026;experimental;grammatical;grammatical;215803;5.334057478;11871;4.074487305;301;2.478566496;226;68;0.3008849558;4;7;8;4;na;na;na;na;1;25;28;20;23;18;24;29;36;1;4;3;1;na;68;71;129;132;61;67;72;79
138;giig;naak;meeraqat;bandomsven;Peters bedste ven er Jens.;Peter og Jens har været barndomsvenner og derfor kender de hinanden rigtig godt.;De snakker tit sammen selvom de ikke bor i samme by.;Piitap kammalaatiginerpaavaa Jensi.;Peter Jensilu meeraqatigiinnikuupput taamaattumik imminnut nalunngilluarput.;Taakku oqaluutillattaasarput naak illoqarfeqatigiinngikkaluarlutik.;meeraqatigiinnikuupput;nikuu;time;13382;4.126521026;experimental;grammatical;grammatical;215803;5.334057478;11871;4.074487305;429;2.632457292;22;3;0.1363636364;4;9;9;4;Kender Peter og Jens hinanden rigtig godt?;Piitaq Jensilu imminnut nalunngilluarpat?;1;z;1;24;27;30;33;15;23;28;36;1;4;3;1;na;59;62;141;144;50;58;63;71
139;giig;nuna;ingiaqat;ledsager;Familien Jensen bor i Nuuk.;Lige før stormen gik de en tur som familie.;Vejene var meget glat, mens de gik.;Ilaqutariit Jensenikkut Nuummi najugaqarput.;Anorersualinnginnerani pisullutik ingiaqatigeeqqammerput ilaqutariiullutik.;Pisuttuarmata nuna quasartorujussuuvoq.;ingiaqatigeeqqammerput;qqammer;time;4878;3.688241796;experimental;grammatical;lexical;215803;5.334057478;253544;5.404053338;601;2.778874472;485;154;0.3175257732;3;9;10;4;na;na;na;na;1;44;46;15;18;35;43;47;56;1;5;3;2;subject;88;90;134;137;79;87;91;100
140;giig;massa;ingerlaqat;rejsefælle;Folk planlægger en demonstration.;Da andre skal også gå med til demonstrationen aflyser de bare deres planlægning.;Selvom deres planlægning var ellers en god ide.;Inuit akerliussutsimik takutitsiniarlutik pilersaarput.;Allat akerliussutsimik takutsiniartut ingerlaqatigiissammata unitsiinnarpaat.;Pilersaarusiornertik massa torrallataagaluartoq.;ingerlaqatigiissammata;ssa;time;751538;5.875950945;experimental;grammatical;grammatical;215803;5.334057478;2571;3.410102077;1152;3.061452479;901;305;0.3385127636;3;11;8;5;na;na;na;na;1;50;52;22;26;39;49;53;60;1;5;3;2;na;105;107;154;158;94;104;108;115
141;miit;angut;Maniitsoq;Maniitsoq;Maniitsoq har meget godt vejr den her sommer.;Familien Nielsen planlægger at være i Maniitsoq hele sommeren.;Niels Nielsen møder en bekendt mand på gaden.;Aasaq manna Maniitsoq silagissioqaaq.;Nielsennikkut aasaq naallugu Maniitsumiissallutik pilersaarput.;Aqqusinermi Niels Nielsenip angut ilisarisani naapippaa.;Maniitsumiissallutik;ssa;time;751538;5.875950945;experimental;grammatical;lexical;2590;3.413299764;43347;4.636959046;6320;3.800717078;5216;22;0.0042177914;3;8;9;5;na;na;na;na;1;38;40;29;33;30;37;41;49;1;3;3;2;object;75;77;129;133;67;74;78;86
142;miit;angut;pisiniarfik;butik;Det er eftermiddag og der er let brise.;Marie er på vej hjem efter at have været i supermarkedet.;På vejen møder hun en tidligere mandlig kollega.;Ualiuvoq silamilu anorsaalaarpoq.;Marie pisiniarfimmiinnikuulluni angerlamut pisorujoorpoq.;Aqqutaani angut suleqatikuni naapippaa.;pisiniarfimmiinnikuulluni;nikuu;time;13382;4.126521026;experimental;grammatical;lexical;2590;3.413299764;43347;4.636959046;5338;3.727378569;918;2;0.0021786492;4;11;10;5;na;na;na;na;1;18;21;11;15;7;17;22;31;1;5;4;2;object;51;54;101;105;40;50;55;64
143;miit;taamaallaat;biblioteki;bibliotek;Kaalat blev pensionist sidste år.;Om tirsdagen går Kaaalat på biblioteket for at læse.;I dag lånte hun kun én bog.;Kaalat siorna soraarninngorpoq.;Kaalat marlunngornikkut bibliotekimiittarpoq atuarniarluni.;Ullumi taamaallaat atuagaq ataaseq atorniarpaa.;bibliotekimiittarpoq;tar;modification;706581;5.849161955;experimental;grammatical;grammatical;2590;3.413299764;13940;4.144262774;141;2.149219113;86;4;0.0465116279;4;10;6;11;na;na;na;na;1;35;38;8;18;25;34;39;44;1;5;2;3;na;66;69;98;108;56;65;70;75
144;miit;pisortaq;ineqarfik;logi;Da Gertrud er syg, tager de hende med til København.;I København skal hun være på et logi for at blive rask.;Når hun er blevet rask, skal hun tale med hospitalschefen.;Gertrud napparsimagami Københavnimut allaarunneqarpoq.;Københavnimi ineqarfimmiinniarpoq isumaqatigiissutit malillugit.;Peqqissiguni napparsimavimmi pisortaq oqaloqatigissavaa.;ineqarfimmiinniarpoq;niar;time;301624;5.479465895;experimental;grammatical;lexical;2590;3.413299764;59648;4.775595886;3012;3.478854968;145;16;0.1103448276;4;9;7;8;na;na;na;na;1;23;26;30;37;14;22;27;33;1;4;3;3;object;77;80;148;155;68;76;81;87
145;miit;tipi;Brugseni;Brugsen;Skolens medarbejdere tager hen til supermarkedet Brugseni.;Da de har været i Brugseni og træder ud, ser de deres elever på legepladsen.;De går hen til eleverne for at hilse på dem, men på vejen derhen kan de lugte cigaretrøg.;Atuarfimmi sulisut pisiniarfimmut Brugsenimukarput.;Anigamik Brugsenimiinnikuullutik atuartuutitik pinnguartarfimmiittut takuaat.;Atuartuutitik ornippaat aqqutaanilu tipi pujortarsunnittoq naavaat.;Brugsenimiinnikuullutik;nikuu;time;13382;4.126521026;experimental;grammatical;lexical;2590;3.413299764;2215;3.345373731;1470;3.167317335;1583;19;0.0120025268;4;8;11;4;Lugter børnene af cigaretrøg?;Meeqqat pinnguartarfimmiittut tupasunnippat?;1;z;1;18;21;37;40;10;17;22;32;1;3;4;2;object;69;72;165;168;61;68;73;83
146;miit;siunnersuut;Maniitsoq;Maniitsoq;Najaaraq er læge.;Denne sommer har Najaaraq arbejdet i Maniitsoq.;For at få Maniitsoqs borgere til at være mere aktive har hun lavet et forslag: Bevæg dig mere.;Najaaraq nakorsaavoq.;Najaaraq aasaq manna Maniitsumiissimavoq suliartorluni.;Maniitsumi inuit aalanerulersikkusullugit siunnersuut Aalanerulerta sanasimavaa.;Maniitsumiissimavoq;sima;time;603218;5.780474292;experimental;grammatical;lexical;2590;3.413299764;78349;4.894033458;6320;3.800717078;5216;295;0.0565567485;4;8;7;11;na;na;na;na;1;30;33;43;53;22;29;34;40;1;3;3;4;object;51;54;119;129;43;50;55;61
147;miit;massa;Nuussuaq;Nuussuaq;Judithe bor i storbyen Nuuk.;Hun bor vist nok i Nuussuaq, en bydel i Nuuk.;Hun tager til Qinngorput for at spille fodbold, selvom hun også kunne spille i Nuussuaq.;Judithe illoqarfissuarmi Nuummi najugaqarpoq.;Nuup ilaani Nuussuarmiigunarpoq ineqarpoq.;Qinngutsinnut arsariartarpoq massa Nuussuarmi arsarsinnaagaluarluni.;Nuussuarmiigunarpoq;gunar;epistemicity;10660;4.027757205;experimental;grammatical;grammatical;2590;3.413299764;2571;3.410102077;1369;3.136403448;908;52;0.0572687225;3;8;8;5;Bor Judithe i Qinngorput?;Judithe Qinngorpumi najugaqarpa?;0;m;1;21;23;30;34;13;20;24;31;1;3;3;2;na;66;68;117;121;58;65;69;76
148;miit;angut;silarleq;forstue;Julia har en stor interesse for madlavning.;Mens hun laver mad, bemærker hun, at der er nogen på vej ind ad yderdøren.;Så ser hun en mand på vej ind.;Julia iganermut soqutigisaqartorujussuuvoq.;Igatilluni matu silarlermiigunarpoq aalasoqartoq malugaa.;Takulerpaalu angut iseriartortoq.;silarlermiigunarpoq;gunar;epistemicity;10660;4.027757205;experimental;grammatical;lexical;2590;3.413299764;43347;4.636959046;755;2.877946952;190;15;0.0789473684;3;8;8;5;na;na;na;na;1;25;27;14;18;17;24;28;35;1;3;3;2;subject;68;70;114;118;60;67;71;78
149;miit;imaluunniit;Qaqortoq;Qaqortoq;Jukku er fisker.;I fjor boede han sandsynligvis i Qaqortoq.;Han kommer tilbage enten januar eller februar.;Jukku aalisartuuvoq.;Issaq Qaqortumiigunarpoq aalisakkerivimmut tuniniaasarluni.;Januarimi imaluunniit februarimi utissaaq.;Qaqortumiigunarpoq;gunar;epistemicity;10660;4.027757205;experimental;grammatical;grammatical;2590;3.413299764;57403;4.75893459;9765;3.989672248;11631;453;0.0389476399;3;7;8;11;na;na;na;na;1;14;16;11;21;7;13;17;24;1;3;3;4;na;34;36;90;100;27;33;37;44
150;miit;tipi;silaannaq;luft;Louise og co er på udflugt.;Blomsterduften, som man tror er i luften, dufter godt.;Louise er vemodig ift. duften.;Louisekkut kipparsimaarput.;Naasorsunni silaannarmiinnguatsiarpoq naamasaa tipigippoq.;Louisap tipi assut alianaagaa.;silaannarmiinnguatsiarpoq;nnguatsiar;epistemicity;2116;3.325515663;experimental;grammatical;lexical;2590;3.413299764;2215;3.345373731;10162;4.006979191;4003;244;0.0609542843;3;9;13;4;na;na;na;na;1;22;24;9;12;13;21;25;37;1;3;5;2;object;49;51;94;97;40;48;52;64
151;giiaar;angajoqqaaq;atuaqat;skolekammerat;Naja er lige startet nyt fodboldhold.;Najas tidligere fodboldskammerater har været klassekammerater men nu kender hun dem ikke.;Når Naja og de andre skal spille i et andet land skal de have en forælder med.;Naja arsaattartuni nutaani aallartippoq.;Najap arsaqatigisartagakui atuaqatigiiaarnikuupput massakkulli arsaqatini naluai.;Najakkut arsarlutik nunamut unammialerunik angajoqqaaq ataaseq ilageqqusaavaat.;atuaqatigiiaarnikuupput;nikuu;time;13382;4.126521026;experimental;grammatical;lexical;111;2.045322979;15638;4.194181209;1711;3.23325001;1499;90;0.0600400267;6;8;9;11;na;na;na;na;1;36;41;44;54;28;35;42;50;2;5;3;4;object;76;81;165;175;68;75;82;90
152;giiaar;taamaallaat;suleqat;kollega;Kommunen skal holde julefrokost i december.;Til julefrokosten skal det være en sangkonkurrence i kollegagrupper.;I konkurrencerne kan kun en gruppe vinde.;Kommune decemberimi julefrokostertitsiniarpoq.;Julefrokostimi pinnguaatini suleqatigiiaarniarput erinarsorlutik.;Unamminerni taamaallaat suleqatigiiaat ataatsit ajugaasinnaapput.;suleqatigiiaarniarput;niar;time;301624;5.479465895;experimental;grammatical;grammatical;111;2.045322979;13940;4.144262774;39132;4.592532045;29662;94;0.0031690378;6;8;7;11;Kan der være to vindere?;Unammisuni marluk ajugaasinnaappat?;0;m;1;37;42;13;23;29;36;43;49;2;4;3;3;na;83;88;124;134;75;82;89;95
153;giiaar;matu;sanileraa;er ved siden af;Maria bor i Nuussuaq.;I byen ligger ens huse ved siden af hinanden og er ret flotte.;Et af husene har en blå dør.;Maria Nuussuarmi najugaqarpoq.;Illoqarfimmi illut assigiit sanileriiaarsimagamik assut kusanarput.;Illumi ataatsimi matu tungujortuuvoq.;sanileriiaarsimagamik;sima;time;603218;5.780474292;experimental;grammatical;lexical;111;2.045322979;19025;4.279324665;1560;3.193124598;1253;197;0.1572226656;5;7;9;4;na;na;na;na;1;36;40;18;21;29;35;41;49;2;3;4;2;object;66;70;115;118;59;65;71;79
154;giiaar;uffa;qatanngut;søskende;Det er jul og familien Jensen spiser middag sammen.;I familien plejer de at synge i søskendehold og vinderne får en præmie.;Lars vil ellers virkelig gerne vinde selvom han synger dårligt.;Juullerpoq ilaqutariillu Jensenikkut nereqatigiipput.;Ilaqutariinni erinarsoraangamik qatanngutigiiaartarput ajugaasullu pinnattarput.;Larsi assut ajugaarusuppoq uffa erinaluttuulluni.;qatanngutigiiaartarput;tar;modification;706581;5.849161955;experimental;grammatical;grammatical;111;2.045322979;2225;3.347330015;10646;4.027186462;8001;4;0.0004999375;6;10;6;4;na;na;na;na;1;43;48;28;31;33;42;49;54;2;4;2;2;na;96;101;161;164;86;95;102;107
155;giiaar;angajoqqaaq;atuaqat;skolekammerat;I Atammik spiller skoleeleverne fodbold.;Skoleeleverne bliver delt op efter deres klasse.;Der er en forælder, der er ansvarlig for opdelingen.;Atammimmi meeqqat atuartut arsarput.;Atuartut atuaqatigiiaarsinnarlutik agguataarput.;Allattornissaanut angajoqqaaq ataaseq akisussaavoq.;atuaqatigiiaarsinnarlutik;sinnar;subj_col;4310;3.63447727;experimental;grammatical;lexical;111;2.045322979;15638;4.194181209;1711;3.23325001;1499;90;0.0600400267;6;8;11;11;na;na;na;na;1;18;23;19;29;10;17;24;34;2;5;4;4;subject;54;59;103;113;46;53;60;70
156;giiaar;matu;qalipaat;farve;Der er ikke mange huse i Ikerasak.;Beboerne i Ikerasak har besluttet, at husene skal have samme farve.;Husene er røde, og dørene er grønne – med undtagelse af én dør.;Ikerasammi illut amerlanngillat.;Ikerasaap innuttaasuisa illut qalipaatigiiaassasut aalangernikuuvaat.;Illut aappaluttuupput illullu matui qorsuullutik, matu ataaseq minillugu.;qalipaatigiiaassasut;ssa;time;751538;5.875950945;experimental;grammatical;lexical;111;2.045322979;19025;4.279324665;3720;3.57054294;1679;0;0.0000000000;5;9;6;4;na;na;na;na;1;40;44;51;54;31;39;45;50;2;4;2;2;object;72;76;152;155;63;71;77;82
157;giiaar;matu;angeqat;ligestore;To mænd besluttede sig for at bygge et hus.;De ville lave husets døre i samme størrelse.;Dørene skulle være 2 meter høje – med undtagelse af én dør.;Angutit marlut illuliorniarlutik aalajangerput.;Illup matui angeqatigiiaarniarput pilersaarutit malillugit.;2 m.-inik angissuseqassapput matu ataaseq minillugu.;angeqatigiiaarniarput;niar;time;301624;5.479465895;experimental;grammatical;lexical;111;2.045322979;19025;4.279324665;97;1.986771734;81;0;0.0000000000;6;8;7;4;na;na;na;na;1;21;26;30;33;13;20;27;33;2;2;3;2;object;68;73;136;139;60;67;74;80
158;giiaar;kisianni;atuaqat;skolekammerat;Der er ikke mange elever på skolen i Tuiisaq.;Eleverne fra 6. og 7. klasse skal have undervisning sammen i én klasse.;I fremtiden er det planen at opdele dem, men tiden vil vise, om det bliver muligt.;Atuarfik Tuiisami atuartut amerlanngillat.;6. aamma 7. klassemi atuartut atuaqatigiiaassapput klassemi ataatsimi.;Siunnissami immikkooqqilissangatinneqarput, kisianni piffissap takutikkumaarpaa.;atuaqatigiiaassapput;ssa;time;751538;5.875950945;experimental;grammatical;grammatical;111;2.045322979;41817;4.621352873;1711;3.23325001;1499;90;0.0600400267;5;8;7;8;Er der manger elever på Atuarfik Tuiisaq?;Atuarfik Tuiisami atuartut amerlappat?;0;m;1;39;43;45;52;31;38;44;50;2;5;2;4;na;81;85;157;164;73;80;86;92
159;giiaar;pisortaq;qatanngut;søskende;Familien Jensen er stor.;Det lader til, at søskendeflokken Jensen skal rejse sammen.;En af brødrene, som er chefen i supermarkedet, skal dog ikke med på rejsen.;Ilaqutariit Jensenikkut amerlapput.;Jensenikkut qatanngutigiiaannguatsiarlutik angalaqatigiissapput.;Qatanngutaat ataaseq pisiniarfimmi pisortaq peqataassanngilaq.;qatanngutigiiaannguatsiarlutik;nnguatsiar;epistemicity;2116;3.325515663;experimental;grammatical;lexical;111;2.045322979;59648;4.775595886;10646;4.027186462;8001;2;0.0002499688;5;10;15;8;na;na;na;na;1;23;27;36;43;13;22;28;42;2;4;6;3;subject;58;62;135;142;48;57;63;77
160;giiaar;kaffi;ineqat;roomie;I Nuuk har de et alderdomshjem der er tæt på centrum.;Der er nogle der er værelseskammerater sammen i alderdomshjemmet og plejer at tage ud sammen.;I dag vil en af dem prøve den nye kaffe i Caféen.;Nuummi utoqqaat illoqarput illoqarfiup qeqqanut qanittumi.;Utoqqaat illuanni ineqatigiiaartarput aneertarlutillu.;Ullumikkut ilaasa Cafémi kaffi pisiassaq nutaaq misilikkiartorusuppaat.;ineqatigiiaartarput;tar;modification;706581;5.849161955;experimental;grammatical;lexical;111;2.045322979;2581;3.411788005;301;2.478566496;226;4;0.0176991150;6;7;6;5;na;na;na;na;1;26;31;26;30;19;25;32;37;2;4;2;2;object;84;89;138;142;77;83;90;95